Photometry,Sector,Frequency,PSD
TESS_20_0,Sector1,0.0,2.0110828711133523e-17
TESS_20_0,Sector1,0.08620689655180254,73131.25406117606
TESS_20_0,Sector1,0.17241379310360508,347710.6347459727
TESS_20_0,Sector1,0.25862068965540763,226315.38057861495
TESS_20_0,Sector1,0.34482758620721016,489768.47579581046
TESS_20_0,Sector1,0.4310344827590127,569295.8539436563
TESS_20_0,Sector1,0.5172413793108153,26739.157292038435
TESS_20_0,Sector1,0.6034482758626177,29862.138405866805
TESS_20_0,Sector1,0.6896551724144203,24816.062889332567
TESS_20_0,Sector1,0.7758620689662229,356661.0239767443
TESS_20_0,Sector1,0.8620689655180254,24678.943131717395
TESS_20_0,Sector1,0.948275862069828,76295.93446604995
TESS_20_0,Sector1,1.0344827586216305,61984.20333650267
TESS_20_0,Sector1,1.120689655173433,235324.9593535523
TESS_20_0,Sector1,1.2068965517252355,31420.26194742234
TESS_20_0,Sector1,1.293103448277038,43802.08930428109
TESS_20_0,Sector1,1.3793103448288406,118142.79785424676
TESS_20_0,Sector1,1.4655172413806432,84880.78270398764
TESS_20_0,Sector1,1.5517241379324458,95149.47840554338
TESS_20_0,Sector1,1.6379310344842481,47880.93806103863
TESS_20_0,Sector1,1.7241379310360507,42389.547670195905
TESS_20_0,Sector1,1.8103448275878533,2083.9066721392246
TESS_20_0,Sector1,1.896551724139656,7732.089388284589
TESS_20_0,Sector1,1.9827586206914585,161928.07055285946
TESS_20_0,Sector1,2.068965517243261,66553.5670495285
TESS_20_0,Sector1,2.1551724137950634,13991.095851419484
TESS_20_0,Sector1,2.241379310346866,8560.192514214621
TESS_20_0,Sector1,2.3275862068986686,7969.413345905195
TESS_20_0,Sector1,2.413793103450471,7354.858601726438
TESS_20_0,Sector1,2.5000000000022737,103946.07445811124
TESS_20_0,Sector1,2.586206896554076,342295.5338702682
TESS_20_0,Sector1,2.672413793105879,21432.09973216422
TESS_20_0,Sector1,2.7586206896576813,47389.383196622046
TESS_20_0,Sector1,2.8448275862094836,71214.02776806065
TESS_20_0,Sector1,2.9310344827612864,79479.17454802938
TESS_20_0,Sector1,3.017241379313089,2534.5261008882594
TESS_20_0,Sector1,3.1034482758648916,27153.63429973086
TESS_20_0,Sector1,3.189655172416694,6685.042822448036
TESS_20_0,Sector1,3.2758620689684963,7654.334759351131
TESS_20_0,Sector1,3.362068965520299,296.0073427633164
TESS_20_0,Sector1,3.4482758620721015,17123.20046090755
TESS_20_0,Sector1,3.5344827586239043,6799.74855282103
TESS_20_0,Sector1,3.6206896551757066,2460.4306512244566
TESS_20_0,Sector1,3.706896551727509,101463.86608663459
TESS_20_0,Sector1,3.793103448279312,4938.524210032812
TESS_20_0,Sector1,3.879310344831114,2426.968369531842
TESS_20_0,Sector1,3.965517241382917,230.81689836133842
TESS_20_0,Sector1,4.05172413793472,7664.922728429871
TESS_20_0,Sector1,4.137931034486522,3810.430474717764
TESS_20_0,Sector1,4.2241379310383245,420186.80388097663
TESS_20_0,Sector1,4.310344827590127,40683.77947614396
TESS_20_0,Sector1,4.396551724141929,11401.299133564342
TESS_20_0,Sector1,4.482758620693732,11163.913612402426
TESS_20_0,Sector1,4.568965517245535,39405.035445436464
TESS_20_0,Sector1,4.655172413797337,838.7318054488344
TESS_20_0,Sector1,4.7413793103491395,44562.520929569895
TESS_20_0,Sector1,4.827586206900942,9897.349032347473
TESS_20_0,Sector1,4.913793103452745,3694.7835182484405
TESS_20_0,Sector1,5.0000000000045475,4745.067974211572
TESS_20_0,Sector2,0.0,2.689493761201906e-19
TESS_20_0,Sector2,0.07751937984503174,60345.280677114366
TESS_20_0,Sector2,0.15503875969006348,63329.13491383369
TESS_20_0,Sector2,0.23255813953509522,654759.3809815467
TESS_20_0,Sector2,0.31007751938012695,108922.17504489521
TESS_20_0,Sector2,0.3875968992251587,333251.53866109176
TESS_20_0,Sector2,0.46511627907019043,59685.01973750243
TESS_20_0,Sector2,0.5426356589152221,263682.3731670272
TESS_20_0,Sector2,0.6201550387602539,58359.36223292644
TESS_20_0,Sector2,0.6976744186052857,115230.50089920993
TESS_20_0,Sector2,0.7751937984503174,100942.77175165496
TESS_20_0,Sector2,0.8527131782953491,53660.07646660967
TESS_20_0,Sector2,0.9302325581403809,128379.26314949896
TESS_20_0,Sector2,1.0077519379854125,32609.758875091593
TESS_20_0,Sector2,1.0852713178304443,61575.29450529091
TESS_20_0,Sector2,1.162790697675476,16173.218814093441
TESS_20_0,Sector2,1.2403100775205078,83794.05527028137
TESS_20_0,Sector2,1.3178294573655396,66475.27483815071
TESS_20_0,Sector2,1.3953488372105713,28583.3921036512
TESS_20_0,Sector2,1.4728682170556031,22785.453316004077
TESS_20_0,Sector2,1.5503875969006349,34776.25382592907
TESS_20_0,Sector2,1.6279069767456664,15431.352191819908
TESS_20_0,Sector2,1.7054263565906982,46462.4488393268
TESS_20_0,Sector2,1.78294573643573,2393.365474969964
TESS_20_0,Sector2,1.8604651162807617,135121.72614249654
TESS_20_0,Sector2,1.9379844961257935,4438.571080024551
TESS_20_0,Sector2,2.015503875970825,47883.76976283452
TESS_20_0,Sector2,2.093023255815857,4201.855204415619
TESS_20_0,Sector2,2.1705426356608886,46095.00866112517
TESS_20_0,Sector2,2.2480620155059206,14732.78369775934
TESS_20_0,Sector2,2.325581395350952,24821.12383023671
TESS_20_0,Sector2,2.403100775195984,1477.7305633313256
TESS_20_0,Sector2,2.4806201550410156,2727.008392860956
TESS_20_0,Sector2,2.558139534886047,526538.9235761433
TESS_20_0,Sector2,2.635658914731079,23078.121623958876
TESS_20_0,Sector2,2.7131782945761107,20025.891745506116
TESS_20_0,Sector2,2.7906976744211427,20240.262944066144
TESS_20_0,Sector2,2.8682170542661742,7440.642986520921
TESS_20_0,Sector2,2.9457364341112062,78495.10891082023
TESS_20_0,Sector2,3.0232558139562378,411.6272074378273
TESS_20_0,Sector2,3.1007751938012698,28752.889317545978
TESS_20_0,Sector2,3.1782945736463013,10599.685660861667
TESS_20_0,Sector2,3.255813953491333,6190.465591907754
TESS_20_0,Sector2,3.333333333336365,3911.2552528996457
TESS_20_0,Sector2,3.4108527131813964,1158.6661110872167
TESS_20_0,Sector2,3.4883720930264284,172557.2490764724
TESS_20_0,Sector2,3.56589147287146,25836.007256228935
TESS_20_0,Sector2,3.643410852716492,39119.250222659146
TESS_20_0,Sector2,3.7209302325615234,30806.849877743
TESS_20_0,Sector2,3.798449612406555,2974.1592149321255
TESS_20_0,Sector2,3.875968992251587,31310.993308539913
TESS_20_0,Sector2,3.9534883720966185,9600.636413940016
TESS_20_0,Sector2,4.03100775194165,25984.36580534256
TESS_20_0,Sector2,4.1085271317866825,25055.724912561058
TESS_20_0,Sector2,4.186046511631714,99058.80740173376
TESS_20_0,Sector2,4.263565891476746,276075.5276953116
TESS_20_0,Sector2,4.341085271321777,13735.46211596771
TESS_20_0,Sector2,4.418604651166809,3832.016719397442
TESS_20_0,Sector2,4.496124031011841,3724.174715783564
TESS_20_0,Sector2,4.573643410856873,17228.573194375287
TESS_20_0,Sector2,4.651162790701904,8540.481399507313
TESS_20_0,Sector2,4.728682170546936,67151.4016342723
TESS_20_0,Sector2,4.806201550391968,21998.247670035697
TESS_20_0,Sector2,4.883720930237,11798.337638747806
TESS_20_0,Sector2,4.961240310082031,19412.959202665646
TESS_20_1,Sector1,0.0,3.1914646244478706e-18
TESS_20_1,Sector1,0.08196721311482864,60412.851634776576
TESS_20_1,Sector1,0.1639344262296573,915582.4259556395
TESS_20_1,Sector1,0.24590163934448594,548069.8232472185
TESS_20_1,Sector1,0.3278688524593146,122816.15462543159
TESS_20_1,Sector1,0.4098360655741432,64392.895048035156
TESS_20_1,Sector1,0.4918032786889719,287439.5818613511
TESS_20_1,Sector1,0.5737704918038005,476991.1044591294
TESS_20_1,Sector1,0.6557377049186291,37594.082492493995
TESS_20_1,Sector1,0.7377049180334578,141482.99251955902
TESS_20_1,Sector1,0.8196721311482864,80681.25535316367
TESS_20_1,Sector1,0.9016393442631151,104867.14243635543
TESS_20_1,Sector1,0.9836065573779438,84505.7132117582
TESS_20_1,Sector1,1.0655737704927724,119297.01904479507
TESS_20_1,Sector1,1.147540983607601,26794.2022315306
TESS_20_1,Sector1,1.2295081967224297,123699.55155210602
TESS_20_1,Sector1,1.3114754098372583,118968.46167053841
TESS_20_1,Sector1,1.3934426229520869,49605.62861620721
TESS_20_1,Sector1,1.4754098360669157,10407.73188417089
TESS_20_1,Sector1,1.5573770491817442,316346.23508275184
TESS_20_1,Sector1,1.6393442622965728,63767.43499082508
TESS_20_1,Sector1,1.7213114754114016,8358.817146706344
TESS_20_1,Sector1,1.8032786885262302,20572.743423419946
TESS_20_1,Sector1,1.8852459016410588,28860.037322723834
TESS_20_1,Sector1,1.9672131147558876,51291.647256923316
TESS_20_1,Sector1,2.049180327870716,32713.22599590398
TESS_20_1,Sector1,2.1311475409855447,53068.59664974113
TESS_20_1,Sector1,2.2131147541003733,220.58525894808943
TESS_20_1,Sector1,2.295081967215202,37729.42203996662
TESS_20_1,Sector1,2.377049180330031,7634.326686403513
TESS_20_1,Sector1,2.4590163934448594,13630.301108891064
TESS_20_1,Sector1,2.540983606559688,398237.0380684051
TESS_20_1,Sector1,2.6229508196745166,19494.00937089592
TESS_20_1,Sector1,2.704918032789345,48499.819455910896
TESS_20_1,Sector1,2.7868852459041737,12588.588961210698
TESS_20_1,Sector1,2.8688524590190023,1738.8888118446043
TESS_20_1,Sector1,2.9508196721338313,6638.3796601265485
TESS_20_1,Sector1,3.03278688524866,2510.0259993225122
TESS_20_1,Sector1,3.1147540983634885,23228.413919993567
TESS_20_1,Sector1,3.196721311478317,9637.552632143
TESS_20_1,Sector1,3.2786885245931456,14058.718409020807
TESS_20_1,Sector1,3.360655737707974,13823.934853744642
TESS_20_1,Sector1,3.4426229508228032,109400.08839449038
TESS_20_1,Sector1,3.524590163937632,27031.527520242937
TESS_20_1,Sector1,3.6065573770524604,5990.064131017041
TESS_20_1,Sector1,3.688524590167289,87803.44541771468
TESS_20_1,Sector1,3.7704918032821175,988.3694772544179
TESS_20_1,Sector1,3.852459016396946,2869.9158941637365
TESS_20_1,Sector1,3.934426229511775,4129.01580353857
TESS_20_1,Sector1,4.016393442626604,1190.8551394274407
TESS_20_1,Sector1,4.098360655741432,7874.96552358695
TESS_20_1,Sector1,4.180327868856261,55247.30245053921
TESS_20_1,Sector1,4.262295081971089,308889.85398587317
TESS_20_1,Sector1,4.344262295085918,7199.122963532119
TESS_20_1,Sector1,4.426229508200747,1630.6786342301546
TESS_20_1,Sector1,4.508196721315575,659.346633937051
TESS_20_1,Sector1,4.590163934430404,4710.815862991953
TESS_20_1,Sector1,4.672131147545232,46943.13727556877
TESS_20_1,Sector1,4.754098360660062,22435.88930007086
TESS_20_1,Sector1,4.83606557377489,16554.206702142645
TESS_20_1,Sector1,4.918032786889719,1648.1122667638579
TESS_20_1,Sector1,5.0000000000045475,87.21205579767661
TESS_20_1,Sector2,0.0,5.505614179488597e-18
TESS_20_1,Sector2,0.08196721311482864,75249.82057393288
TESS_20_1,Sector2,0.1639344262296573,1949735.9318214406
TESS_20_1,Sector2,0.24590163934448594,2131065.219340743
TESS_20_1,Sector2,0.3278688524593146,986826.8174673312
TESS_20_1,Sector2,0.4098360655741432,1110227.4000713362
TESS_20_1,Sector2,0.4918032786889719,100470.35217875663
TESS_20_1,Sector2,0.5737704918038005,337057.9687394114
TESS_20_1,Sector2,0.6557377049186291,72123.88601560477
TESS_20_1,Sector2,0.7377049180334578,48549.304376773696
TESS_20_1,Sector2,0.8196721311482864,176079.85448090392
TESS_20_1,Sector2,0.9016393442631151,52024.325136022555
TESS_20_1,Sector2,0.9836065573779438,94703.61889131473
TESS_20_1,Sector2,1.0655737704927724,121876.92908918309
TESS_20_1,Sector2,1.147540983607601,118284.09467615886
TESS_20_1,Sector2,1.2295081967224297,177829.46786553145
TESS_20_1,Sector2,1.3114754098372583,147502.12321962646
TESS_20_1,Sector2,1.3934426229520869,13770.386456531876
TESS_20_1,Sector2,1.4754098360669157,14666.673696131502
TESS_20_1,Sector2,1.5573770491817442,175842.88428643032
TESS_20_1,Sector2,1.6393442622965728,21000.328649562238
TESS_20_1,Sector2,1.7213114754114016,9629.167334286945
TESS_20_1,Sector2,1.8032786885262302,7881.481413789162
TESS_20_1,Sector2,1.8852459016410588,32855.238358828545
TESS_20_1,Sector2,1.9672131147558876,148710.5951142652
TESS_20_1,Sector2,2.049180327870716,23685.549717132144
TESS_20_1,Sector2,2.1311475409855447,15479.396965619804
TESS_20_1,Sector2,2.2131147541003733,898.5126604109902
TESS_20_1,Sector2,2.295081967215202,15843.119698359635
TESS_20_1,Sector2,2.377049180330031,3856.0693787577193
TESS_20_1,Sector2,2.4590163934448594,17526.408275032176
TESS_20_1,Sector2,2.540983606559688,394703.11489828804
TESS_20_1,Sector2,2.6229508196745166,65199.52539240096
TESS_20_1,Sector2,2.704918032789345,184181.98444140138
TESS_20_1,Sector2,2.7868852459041737,10631.317438452916
TESS_20_1,Sector2,2.8688524590190023,5066.115230957637
TESS_20_1,Sector2,2.9508196721338313,4082.4583387329176
TESS_20_1,Sector2,3.03278688524866,3650.0573151749013
TESS_20_1,Sector2,3.1147540983634885,5430.538213677526
TESS_20_1,Sector2,3.196721311478317,21071.220123561827
TESS_20_1,Sector2,3.2786885245931456,7520.763203229005
TESS_20_1,Sector2,3.360655737707974,2024.3192837933861
TESS_20_1,Sector2,3.4426229508228032,78142.7496214089
TESS_20_1,Sector2,3.524590163937632,83048.85649465119
TESS_20_1,Sector2,3.6065573770524604,4829.8037439132
TESS_20_1,Sector2,3.688524590167289,55600.40268102708
TESS_20_1,Sector2,3.7704918032821175,3486.7193829697394
TESS_20_1,Sector2,3.852459016396946,23434.0641309959
TESS_20_1,Sector2,3.934426229511775,723.0865759439499
TESS_20_1,Sector2,4.016393442626604,6271.207277477979
TESS_20_1,Sector2,4.098360655741432,6576.347792209402
TESS_20_1,Sector2,4.180327868856261,80363.68890087126
TESS_20_1,Sector2,4.262295081971089,374823.70704291575
TESS_20_1,Sector2,4.344262295085918,10554.354267279383
TESS_20_1,Sector2,4.426229508200747,12820.861341032958
TESS_20_1,Sector2,4.508196721315575,52263.76699084529
TESS_20_1,Sector2,4.590163934430404,551.3535732670092
TESS_20_1,Sector2,4.672131147545232,226.21539252529877
TESS_20_1,Sector2,4.754098360660062,44837.13901418891
TESS_20_1,Sector2,4.83606557377489,2987.6649760551904
TESS_20_1,Sector2,4.918032786889719,30780.752880206313
TESS_20_1,Sector2,5.0000000000045475,1960.3553784478493
TESS_21,Sector1,0.0,1.2043097216261931e-17
TESS_21,Sector1,0.08474576271194148,148794.81041790877
TESS_21,Sector1,0.16949152542388296,142128.24240814438
TESS_21,Sector1,0.25423728813582447,110807.07845149527
TESS_21,Sector1,0.3389830508477659,116151.23779617078
TESS_21,Sector1,0.4237288135597074,23596.570994264162
TESS_21,Sector1,0.5084745762716489,46312.359944312666
TESS_21,Sector1,0.5932203389835904,37234.50401937468
TESS_21,Sector1,0.6779661016955318,16538.940748787456
TESS_21,Sector1,0.7627118644074733,3888.8152182882814
TESS_21,Sector1,0.8474576271194147,79026.39360745161
TESS_21,Sector1,0.9322033898313563,48945.88253463833
TESS_21,Sector1,1.0169491525432979,8735.889979167729
TESS_21,Sector1,1.1016949152552393,25579.935516340476
TESS_21,Sector1,1.1864406779671808,2787.1963369589007
TESS_21,Sector1,1.2711864406791222,7714.989333396711
TESS_21,Sector1,1.3559322033910637,8759.987853460621
TESS_21,Sector1,1.4406779661030051,3696.8183127936904
TESS_21,Sector1,1.5254237288149466,37061.030394235626
TESS_21,Sector1,1.610169491526888,106453.67487259336
TESS_21,Sector1,1.6949152542388295,5552.7011511520495
TESS_21,Sector1,1.7796610169507712,25841.935092013795
TESS_21,Sector1,1.8644067796627126,22111.004044337555
TESS_21,Sector1,1.949152542374654,64032.08413044988
TESS_21,Sector1,2.0338983050865957,34949.38806887189
TESS_21,Sector1,2.118644067798537,2531.0830513138253
TESS_21,Sector1,2.2033898305104787,841.302266688585
TESS_21,Sector1,2.28813559322242,27535.17253812242
TESS_21,Sector1,2.3728813559343616,14863.827558302119
TESS_21,Sector1,2.457627118646303,11478.368103267994
TESS_21,Sector1,2.5423728813582445,336702.16852642567
TESS_21,Sector1,2.627118644070186,40696.61242039124
TESS_21,Sector1,2.7118644067821274,177228.03294601332
TESS_21,Sector1,2.796610169494069,10111.96319962264
TESS_21,Sector1,2.8813559322060103,8621.909787475926
TESS_21,Sector1,2.9661016949179517,10918.94993481889
TESS_21,Sector1,3.050847457629893,6793.640474319652
TESS_21,Sector1,3.1355932203418346,14797.2261679694
TESS_21,Sector1,3.220338983053776,4678.794710185573
TESS_21,Sector1,3.3050847457657175,5315.328240199794
TESS_21,Sector1,3.389830508477659,21056.98839254291
TESS_21,Sector1,3.474576271189601,37500.77442747735
TESS_21,Sector1,3.5593220339015423,4285.439118895238
TESS_21,Sector1,3.644067796613484,7555.24674668455
TESS_21,Sector1,3.7288135593254252,20454.925692446264
TESS_21,Sector1,3.8135593220373667,988.3689873587289
TESS_21,Sector1,3.898305084749308,12652.103187742807
TESS_21,Sector1,3.9830508474612496,20395.586897806887
TESS_21,Sector1,4.0677966101731915,5856.94536697519
TESS_21,Sector1,4.152542372885133,9229.398927795035
TESS_21,Sector1,4.237288135597074,335827.25132197636
TESS_21,Sector1,4.322033898309016,8472.266846318063
TESS_21,Sector1,4.406779661020957,5051.147321202784
TESS_21,Sector1,4.491525423732899,2941.05022750623
TESS_21,Sector1,4.57627118644484,2651.3853921852697
TESS_21,Sector1,4.661016949156782,7465.632361168808
TESS_21,Sector1,4.745762711868723,13322.945173216793
TESS_21,Sector1,4.830508474580665,6495.578543784406
TESS_21,Sector1,4.915254237292606,3420.363878764091
TESS_21,Sector1,5.0000000000045475,8438.016873985778
TESS_21,Sector2,0.0,2.261870049493564e-18
TESS_21,Sector2,0.08620689655180254,490356.38072679675
TESS_21,Sector2,0.17241379310360508,1334003.6946381347
TESS_21,Sector2,0.25862068965540763,59407.15664366764
TESS_21,Sector2,0.34482758620721016,52579.49585991243
TESS_21,Sector2,0.4310344827590127,296754.3290325009
TESS_21,Sector2,0.5172413793108153,18459.13077237596
TESS_21,Sector2,0.6034482758626177,59370.80262118123
TESS_21,Sector2,0.6896551724144203,23293.293534878903
TESS_21,Sector2,0.7758620689662229,136136.05293657642
TESS_21,Sector2,0.8620689655180254,21003.6196659189
TESS_21,Sector2,0.948275862069828,33007.979592389034
TESS_21,Sector2,1.0344827586216305,9666.50877877604
TESS_21,Sector2,1.120689655173433,4846.947685659322
TESS_21,Sector2,1.2068965517252355,2928.169032164321
TESS_21,Sector2,1.293103448277038,10939.358748042716
TESS_21,Sector2,1.3793103448288406,60336.6019986276
TESS_21,Sector2,1.4655172413806432,19464.991350980163
TESS_21,Sector2,1.5517241379324458,45822.161884356996
TESS_21,Sector2,1.6379310344842481,15167.730321757032
TESS_21,Sector2,1.7241379310360507,38592.78514595092
TESS_21,Sector2,1.8103448275878533,7140.840679703507
TESS_21,Sector2,1.896551724139656,59603.54144159474
TESS_21,Sector2,1.9827586206914585,8045.23663987596
TESS_21,Sector2,2.068965517243261,9818.028363385756
TESS_21,Sector2,2.1551724137950634,16717.307588342966
TESS_21,Sector2,2.241379310346866,39013.08115269732
TESS_21,Sector2,2.3275862068986686,2363.922233623137
TESS_21,Sector2,2.413793103450471,16047.971586185364
TESS_21,Sector2,2.5000000000022737,2430.708754972215
TESS_21,Sector2,2.586206896554076,567809.9280153798
TESS_21,Sector2,2.672413793105879,104689.54198767172
TESS_21,Sector2,2.7586206896576813,47761.91465110414
TESS_21,Sector2,2.8448275862094836,44010.61268203499
TESS_21,Sector2,2.9310344827612864,42929.42061504926
TESS_21,Sector2,3.017241379313089,64455.07038556813
TESS_21,Sector2,3.1034482758648916,42577.89587185615
TESS_21,Sector2,3.189655172416694,10890.528761717092
TESS_21,Sector2,3.2758620689684963,35069.09319350808
TESS_21,Sector2,3.362068965520299,15114.663814306248
TESS_21,Sector2,3.4482758620721015,75888.5155732188
TESS_21,Sector2,3.5344827586239043,49676.369834692254
TESS_21,Sector2,3.6206896551757066,56103.71297883085
TESS_21,Sector2,3.706896551727509,8157.04053407148
TESS_21,Sector2,3.793103448279312,6005.828506774327
TESS_21,Sector2,3.879310344831114,45298.65603643787
TESS_21,Sector2,3.965517241382917,29628.325859938504
TESS_21,Sector2,4.05172413793472,78758.08727068106
TESS_21,Sector2,4.137931034486522,100086.75342035228
TESS_21,Sector2,4.2241379310383245,369438.27647580026
TESS_21,Sector2,4.310344827590127,39004.64921971476
TESS_21,Sector2,4.396551724141929,13052.281632062932
TESS_21,Sector2,4.482758620693732,75314.02703168297
TESS_21,Sector2,4.568965517245535,46521.21513870887
TESS_21,Sector2,4.655172413797337,44228.26836752768
TESS_21,Sector2,4.7413793103491395,21942.932123513016
TESS_21,Sector2,4.827586206900942,24334.677123429166
TESS_21,Sector2,4.913793103452745,63095.402627403855
TESS_21,Sector2,5.0000000000045475,7553.924262447997
TESS_ALL,All,0.0,1.8969910384259638e-31
TESS_ALL,All,0.00708717221829135,7.63666670346966e-11
TESS_ALL,All,0.0141743444365827,2.7580651526569607e-09
TESS_ALL,All,0.021261516654874052,5.632527361671446e-10
TESS_ALL,All,0.0283486888731654,3.3625601867698736e-10
TESS_ALL,All,0.03543586109145675,3.0243184822400543e-09
TESS_ALL,All,0.042523033309748104,3.824791828386433e-09
TESS_ALL,All,0.04961020552803945,4.5457553857838303e-10
TESS_ALL,All,0.0566973777463308,1.0526732490531438e-10
TESS_ALL,All,0.06378454996462216,6.894648343741914e-10
TESS_ALL,All,0.0708717221829135,1.86677286999584e-09
TESS_ALL,All,0.07795889440120485,2.4441679345361367e-08
TESS_ALL,All,0.08504606661949621,1.5609363904796707e-08
TESS_ALL,All,0.09213323883778755,2.3794236341028906e-09
TESS_ALL,All,0.0992204110560789,3.9735964757697574e-08
TESS_ALL,All,0.10630758327437026,1.5923900635231524e-08
TESS_ALL,All,0.1133947554926616,3.637348550052865e-08
TESS_ALL,All,0.12048192771095295,3.726791815934413e-08
TESS_ALL,All,0.1275690999292443,2.6733671510081253e-08
TESS_ALL,All,0.13465627214753564,8.769131884429914e-09
TESS_ALL,All,0.141743444365827,1.025037300258804e-07
TESS_ALL,All,0.14883061658411836,1.1698557763738952e-08
TESS_ALL,All,0.1559177888024097,4.4557327591560467e-08
TESS_ALL,All,0.16300496102070106,3.3815806258781874e-08
TESS_ALL,All,0.17009213323899242,3.613072045893071e-08
TESS_ALL,All,0.17717930545728375,3.7229470358025454e-08
TESS_ALL,All,0.1842664776755751,6.506604593838561e-08
TESS_ALL,All,0.19135364989386647,7.741930067470709e-09
TESS_ALL,All,0.1984408221121578,1.910706026352801e-07
TESS_ALL,All,0.20552799433044916,1.0849639076124757e-08
TESS_ALL,All,0.21261516654874052,6.368881785856694e-08
TESS_ALL,All,0.21970233876703185,7.559358890850468e-08
TESS_ALL,All,0.2267895109853232,3.563803144841435e-08
TESS_ALL,All,0.23387668320361457,3.3946726563285696e-08
TESS_ALL,All,0.2409638554219059,6.9990438017747e-08
TESS_ALL,All,0.24805102764019726,2.871177378266091e-08
TESS_ALL,All,0.2551381998584886,1.9951902519434634e-08
TESS_ALL,All,0.26222537207678,1.6797811026003212e-08
TESS_ALL,All,0.2693125442950713,2.6044197153742414e-08
TESS_ALL,All,0.27639971651336265,3.85150646290504e-08
TESS_ALL,All,0.283486888731654,8.800627055050925e-09
TESS_ALL,All,0.29057406094994537,7.995564230799332e-09
TESS_ALL,All,0.2976612331682367,2.741046119480353e-08
TESS_ALL,All,0.3047484053865281,5.367836824563455e-08
TESS_ALL,All,0.3118355776048194,2.793505716189592e-08
TESS_ALL,All,0.31892274982311075,3.2687387950625786e-08
TESS_ALL,All,0.3260099220414021,2.614228580339696e-08
TESS_ALL,All,0.33309709425969347,3.0509060321883816e-09
TESS_ALL,All,0.34018426647798483,9.087602078464888e-09
TESS_ALL,All,0.3472714386962762,1.8646947432603712e-08
TESS_ALL,All,0.3543586109145675,2.900263279025044e-08
TESS_ALL,All,0.36144578313285886,3.509909475977214e-08
TESS_ALL,All,0.3685329553511502,2.8100451370717836e-09
TESS_ALL,All,0.3756201275694416,2.5631785009255743e-08
TESS_ALL,All,0.38270729978773294,3.7004889170379143e-09
TESS_ALL,All,0.3897944720060243,1.142709640574217e-08
TESS_ALL,All,0.3968816442243156,1.3588062183663941e-08
TESS_ALL,All,0.40396881644260696,7.480088766289787e-08
TESS_ALL,All,0.4110559886608983,3.1942713922757262e-09
TESS_ALL,All,0.4181431608791897,4.648744532198296e-08
TESS_ALL,All,0.42523033309748104,2.6538290338890526e-08
TESS_ALL,All,0.4323175053157724,1.952363583405795e-08
TESS_ALL,All,0.4394046775340637,2.2772220525740312e-08
TESS_ALL,All,0.44649184975235506,2.6063178290553705e-08
TESS_ALL,All,0.4535790219706464,1.238349867183419e-08
TESS_ALL,All,0.4606661941889378,5.5186790392821054e-08
TESS_ALL,All,0.46775336640722914,1.538444741774329e-08
TESS_ALL,All,0.47484053862552045,2.0253512251713347e-08
TESS_ALL,All,0.4819277108438118,8.182509925739917e-09
TESS_ALL,All,0.48901488306210317,1.5285655806873158e-08
TESS_ALL,All,0.4961020552803945,9.591871339676859e-09
TESS_ALL,All,0.5031892274986859,9.051963167468966e-09
TESS_ALL,All,0.5102763997169772,9.777575589401883e-09
TESS_ALL,All,0.5173635719352686,9.479013147699953e-09
TESS_ALL,All,0.52445074415356,3.105664814944911e-10
TESS_ALL,All,0.5315379163718513,1.3752453931390641e-08
TESS_ALL,All,0.5386250885901426,3.051764999434027e-08
TESS_ALL,All,0.5457122608084339,1.1225679266148796e-08
TESS_ALL,All,0.5527994330267253,2.4416788692688895e-08
TESS_ALL,All,0.5598866052450167,3.187608248536861e-08
TESS_ALL,All,0.566973777463308,6.09770239735664e-09
TESS_ALL,All,0.5740609496815994,1.588094685280001e-08
TESS_ALL,All,0.5811481218998907,1.7456120616795598e-08
TESS_ALL,All,0.5882352941181821,2.1510496360936556e-08
TESS_ALL,All,0.5953224663364735,1.5464528487912794e-08
TESS_ALL,All,0.6024096385547648,8.087669665533877e-09
TESS_ALL,All,0.6094968107730562,5.659912404801312e-09
TESS_ALL,All,0.6165839829913475,1.2310666212866571e-09
TESS_ALL,All,0.6236711552096388,1.2288042200313258e-10
TESS_ALL,All,0.6307583274279301,1.2831983620936211e-08
TESS_ALL,All,0.6378454996462215,3.5084724653323716e-09
TESS_ALL,All,0.6449326718645129,4.895436458923463e-09
TESS_ALL,All,0.6520198440828042,2.879422898935392e-09
TESS_ALL,All,0.6591070163010956,1.2147678776569203e-09
TESS_ALL,All,0.6661941885193869,8.657311520015719e-09
TESS_ALL,All,0.6732813607376783,6.3978024762124035e-09
TESS_ALL,All,0.6803685329559697,1.0263418004008676e-08
TESS_ALL,All,0.687455705174261,2.401934900330543e-08
TESS_ALL,All,0.6945428773925524,5.2751893736474584e-09
TESS_ALL,All,0.7016300496108436,1.0950700330653759e-08
TESS_ALL,All,0.708717221829135,6.105745003327513e-09
TESS_ALL,All,0.7158043940474264,7.571753665486368e-11
TESS_ALL,All,0.7228915662657177,1.821425793793515e-08
TESS_ALL,All,0.7299787384840091,1.1354553255204502e-08
TESS_ALL,All,0.7370659107023004,5.310868471873024e-09
TESS_ALL,All,0.7441530829205918,3.7082472936514313e-09
TESS_ALL,All,0.7512402551388832,4.274211724841829e-09
TESS_ALL,All,0.7583274273571745,3.2863797590243155e-10
TESS_ALL,All,0.7654145995754659,8.472803647353612e-10
TESS_ALL,All,0.7725017717937572,6.798503673992159e-09
TESS_ALL,All,0.7795889440120486,4.6417227231401986e-09
TESS_ALL,All,0.7866761162303398,4.562284105711514e-09
TESS_ALL,All,0.7937632884486312,1.5504814202916224e-08
TESS_ALL,All,0.8008504606669226,9.722711390946197e-09
TESS_ALL,All,0.8079376328852139,2.0375100482689413e-09
TESS_ALL,All,0.8150248051035053,1.954379829641781e-09
TESS_ALL,All,0.8221119773217966,9.365786002775582e-09
TESS_ALL,All,0.829199149540088,4.814815245353969e-09
TESS_ALL,All,0.8362863217583794,2.3135446117141207e-08
TESS_ALL,All,0.8433734939766707,1.224645958988806e-09
TESS_ALL,All,0.8504606661949621,1.623662961397188e-09
TESS_ALL,All,0.8575478384132534,1.0307558264146265e-09
TESS_ALL,All,0.8646350106315448,2.3946502560033116e-09
TESS_ALL,All,0.871722182849836,4.243956141323382e-09
TESS_ALL,All,0.8788093550681274,7.093759304268746e-10
TESS_ALL,All,0.8858965272864188,3.4331309337375493e-09
TESS_ALL,All,0.8929836995047101,2.160161249032475e-09
TESS_ALL,All,0.9000708717230015,4.968186593628173e-11
TESS_ALL,All,0.9071580439412928,1.8370044289278714e-08
TESS_ALL,All,0.9142452161595842,1.151799362118797e-09
TESS_ALL,All,0.9213323883778756,1.0682171653441591e-08
TESS_ALL,All,0.9284195605961669,4.6896685427818544e-09
TESS_ALL,All,0.9355067328144583,2.3967683346473517e-09
TESS_ALL,All,0.9425939050327496,2.29584913435606e-09
TESS_ALL,All,0.9496810772510409,9.272369742085425e-09
TESS_ALL,All,0.9567682494693323,1.1366296504607877e-08
TESS_ALL,All,0.9638554216876236,5.378082748585446e-09
TESS_ALL,All,0.970942593905915,1.486779472546975e-08
TESS_ALL,All,0.9780297661242063,1.200897898817561e-09
TESS_ALL,All,0.9851169383424977,1.7715571380254127e-09
TESS_ALL,All,0.992204110560789,9.692230654134178e-10
TESS_ALL,All,0.9992912827790804,1.6075508988591343e-09
TESS_ALL,All,1.0063784549973718,2.3500749218226225e-09
TESS_ALL,All,1.013465627215663,1.8701718859533343e-09
TESS_ALL,All,1.0205527994339545,5.46810468281335e-09
TESS_ALL,All,1.0276399716522457,8.43203947759619e-09
TESS_ALL,All,1.0347271438705372,7.37015670582941e-09
TESS_ALL,All,1.0418143160888285,7.525025283048438e-09
TESS_ALL,All,1.04890148830712,8.507894937155786e-09
TESS_ALL,All,1.0559886605254112,1.137612690888951e-09
TESS_ALL,All,1.0630758327437027,1.1065784811154996e-09
TESS_ALL,All,1.070163004961994,2.624124129163788e-09
TESS_ALL,All,1.0772501771802852,3.710537391610192e-10
TESS_ALL,All,1.0843373493985766,6.347182104883877e-10
TESS_ALL,All,1.0914245216168679,5.897588423848915e-10
TESS_ALL,All,1.0985116938351593,3.8083330643835694e-09
TESS_ALL,All,1.1055988660534506,1.2888541964097738e-09
TESS_ALL,All,1.112686038271742,5.856181637077512e-09
TESS_ALL,All,1.1197732104900333,5.216408962361574e-09
TESS_ALL,All,1.1268603827083248,1.9058777098024643e-09
TESS_ALL,All,1.133947554926616,3.9947446293655206e-09
TESS_ALL,All,1.1410347271449075,7.161671248280781e-09
TESS_ALL,All,1.1481218993631988,1.0292040333360102e-09
TESS_ALL,All,1.15520907158149,7.009089028719194e-09
TESS_ALL,All,1.1622962437997815,3.123185399554587e-09
TESS_ALL,All,1.1693834160180727,4.979818481633301e-09
TESS_ALL,All,1.1764705882363642,1.2994946222218623e-09
TESS_ALL,All,1.1835577604546554,2.717760547116772e-09
TESS_ALL,All,1.190644932672947,7.154086227482899e-10
TESS_ALL,All,1.1977321048912382,3.780366080432172e-09
TESS_ALL,All,1.2048192771095296,2.69184941718898e-09
TESS_ALL,All,1.2119064493278209,3.342092079012395e-10
TESS_ALL,All,1.2189936215461123,3.4546031151952045e-10
TESS_ALL,All,1.2260807937644036,1.2221285533313012e-10
TESS_ALL,All,1.233167965982695,5.827739934843788e-09
TESS_ALL,All,1.2402551382009863,7.29614153849962e-09
TESS_ALL,All,1.2473423104192776,7.110697926272456e-10
TESS_ALL,All,1.254429482637569,9.487158163950536e-10
TESS_ALL,All,1.2615166548558603,2.1103787818533634e-09
TESS_ALL,All,1.2686038270741518,5.8541012757221835e-09
TESS_ALL,All,1.275690999292443,3.3615186172873643e-10
TESS_ALL,All,1.2827781715107345,5.177422732103495e-09
TESS_ALL,All,1.2898653437290257,7.405536684884022e-10
TESS_ALL,All,1.2969525159473172,5.404050603616826e-10
TESS_ALL,All,1.3040396881656084,9.037856732802344e-10
TESS_ALL,All,1.3111268603839,2.5732155034440783e-09
TESS_ALL,All,1.3182140326021912,2.8313026657878396e-09
TESS_ALL,All,1.3253012048204824,3.762016904203327e-10
TESS_ALL,All,1.3323883770387739,9.912813927566534e-12
TESS_ALL,All,1.3394755492570651,3.1814630508982127e-09
TESS_ALL,All,1.3465627214753566,6.89395501562285e-09
TESS_ALL,All,1.3536498936936479,9.62702012085172e-10
TESS_ALL,All,1.3607370659119393,4.878465073671817e-10
TESS_ALL,All,1.3678242381302306,6.154022259116216e-10
TESS_ALL,All,1.374911410348522,1.2092120862108504e-09
TESS_ALL,All,1.3819985825668133,1.653557176267502e-10
TESS_ALL,All,1.3890857547851048,3.628207851534006e-09
TESS_ALL,All,1.396172927003396,1.9034695502550794e-09
TESS_ALL,All,1.4032600992216873,8.825511934868562e-10
TESS_ALL,All,1.4103472714399787,1.0924060267035877e-09
TESS_ALL,All,1.41743444365827,8.205750378514972e-10
TESS_ALL,All,1.4245216158765615,2.200346802951396e-09
TESS_ALL,All,1.4316087880948527,8.137827034005265e-10
TESS_ALL,All,1.4386959603131442,6.870096728440866e-11
TESS_ALL,All,1.4457831325314354,2.4564518780016478e-11
TESS_ALL,All,1.452870304749727,5.660432510124163e-10
TESS_ALL,All,1.4599574769680181,1.1614016547846298e-09
TESS_ALL,All,1.4670446491863096,3.9060474481717997e-10
TESS_ALL,All,1.4741318214046009,2.579571571264346e-09
TESS_ALL,All,1.4812189936228923,9.805516114556415e-10
TESS_ALL,All,1.4883061658411836,2.1652482712877743e-09
TESS_ALL,All,1.4953933380594748,6.391174472245506e-10
TESS_ALL,All,1.5024805102777663,5.429489771477676e-10
TESS_ALL,All,1.5095676824960576,1.9093021923613397e-09
TESS_ALL,All,1.516654854714349,5.0106686077976575e-09
TESS_ALL,All,1.5237420269326403,7.171339718774672e-10
TESS_ALL,All,1.5308291991509317,2.631883395839004e-09
TESS_ALL,All,1.537916371369223,3.1806051004909544e-09
TESS_ALL,All,1.5450035435875145,3.042604168713606e-09
TESS_ALL,All,1.5520907158058057,8.766822676603375e-09
TESS_ALL,All,1.5591778880240972,5.667297076004545e-10
TESS_ALL,All,1.5662650602423884,1.0374010719550856e-09
TESS_ALL,All,1.5733522324606797,8.280568289118151e-10
TESS_ALL,All,1.5804394046789711,3.329385078790157e-09
TESS_ALL,All,1.5875265768972624,2.3098255504129955e-09
TESS_ALL,All,1.5946137491155539,2.364560936869704e-08
TESS_ALL,All,1.6017009213338451,8.351927080023078e-09
TESS_ALL,All,1.6087880935521366,3.408574484347549e-10
TESS_ALL,All,1.6158752657704278,1.8293871667690073e-09
TESS_ALL,All,1.6229624379887193,1.1490738653222456e-09
TESS_ALL,All,1.6300496102070106,1.228256157742566e-09
TESS_ALL,All,1.637136782425302,4.952355603226654e-11
TESS_ALL,All,1.6442239546435933,8.223733190838294e-10
TESS_ALL,All,1.6513111268618845,7.631001608586705e-10
TESS_ALL,All,1.658398299080176,1.6324377373554757e-09
TESS_ALL,All,1.6654854712984672,3.4157047511620785e-10
TESS_ALL,All,1.6725726435167587,1.9258798355579695e-09
TESS_ALL,All,1.67965981573505,3.2789496328208794e-09
TESS_ALL,All,1.6867469879533414,1.4863333399171597e-09
TESS_ALL,All,1.6938341601716327,1.4715036179098237e-09
TESS_ALL,All,1.7009213323899242,1.4369815557015868e-09
TESS_ALL,All,1.7080085046082154,3.952583290039213e-11
TESS_ALL,All,1.7150956768265069,5.070578469794536e-10
TESS_ALL,All,1.7221828490447981,2.9661256617619436e-09
TESS_ALL,All,1.7292700212630896,1.811616344152084e-10
TESS_ALL,All,1.7363571934813808,2.3808992041915993e-10
TESS_ALL,All,1.743444365699672,5.144888459476635e-10
TESS_ALL,All,1.7505315379179636,2.1243401656759544e-10
TESS_ALL,All,1.7576187101362548,2.5965763605510723e-09
TESS_ALL,All,1.7647058823545463,1.7862498099011748e-09
TESS_ALL,All,1.7717930545728375,3.229031492622688e-10
TESS_ALL,All,1.778880226791129,1.933568912811345e-11
TESS_ALL,All,1.7859673990094203,8.803772271173523e-11
TESS_ALL,All,1.7930545712277117,9.938683087869987e-11
TESS_ALL,All,1.800141743446003,7.499219600347568e-11
TESS_ALL,All,1.8072289156642944,5.683076118714747e-10
TESS_ALL,All,1.8143160878825857,8.594763422333181e-11
TESS_ALL,All,1.821403260100877,2.1744303699335647e-09
TESS_ALL,All,1.8284904323191684,1.5380094122159511e-09
TESS_ALL,All,1.8355776045374597,1.0759980102318606e-09
TESS_ALL,All,1.8426647767557511,2.4963192300449548e-09
TESS_ALL,All,1.8497519489740424,2.6350729863204177e-09
TESS_ALL,All,1.8568391211923339,4.838441004235605e-10
TESS_ALL,All,1.863926293410625,2.0309190899942926e-09
TESS_ALL,All,1.8710134656289166,1.4541339149044133e-09
TESS_ALL,All,1.8781006378472078,4.019200542596248e-10
TESS_ALL,All,1.8851878100654993,6.92781711426223e-10
TESS_ALL,All,1.8922749822837905,2.692254731930766e-09
TESS_ALL,All,1.8993621545020818,1.786841966749298e-09
TESS_ALL,All,1.9064493267203733,1.3834939206623856e-09
TESS_ALL,All,1.9135364989386645,3.6682155170351567e-10
TESS_ALL,All,1.920623671156956,1.9443536116958976e-09
TESS_ALL,All,1.9277108433752472,3.209636139920776e-11
TESS_ALL,All,1.9347980155935387,2.9453645059531905e-10
TESS_ALL,All,1.94188518781183,1.5260145656053791e-09
TESS_ALL,All,1.9489723600301214,1.3313112512537546e-09
TESS_ALL,All,1.9560595322484127,2.380732901097429e-10
TESS_ALL,All,1.9631467044667041,6.7682828499521e-10
TESS_ALL,All,1.9702338766849954,6.331624340415212e-10
TESS_ALL,All,1.9773210489032869,1.0482613867245534e-09
TESS_ALL,All,1.984408221121578,3.3541786337264776e-09
TESS_ALL,All,1.9914953933398694,2.46717763087584e-09
TESS_ALL,All,1.9985825655581608,4.629875117613082e-09
TESS_ALL,All,2.005669737776452,1.2211984428391977e-09
TESS_ALL,All,2.0127569099947435,8.804799978522524e-10
TESS_ALL,All,2.019844082213035,9.532271417394291e-09
TESS_ALL,All,2.026931254431326,4.525929963930724e-09
TESS_ALL,All,2.0340184266496175,1.1203496022392077e-09
TESS_ALL,All,2.041105598867909,5.085797795729298e-09
TESS_ALL,All,2.0481927710862005,6.1907302097189584e-09
TESS_ALL,All,2.0552799433044915,6.0615405401774824e-09
TESS_ALL,All,2.062367115522783,2.899031830471375e-10
TESS_ALL,All,2.0694542877410744,5.090081924823514e-10
TESS_ALL,All,2.0765414599593655,2.2184220883637846e-10
TESS_ALL,All,2.083628632177657,5.865591148391313e-10
TESS_ALL,All,2.0907158043959484,1.8957882529977038e-09
TESS_ALL,All,2.09780297661424,2.494889023927989e-09
TESS_ALL,All,2.104890148832531,1.2007188339461945e-09
TESS_ALL,All,2.1119773210508224,1.5562589183491974e-09
TESS_ALL,All,2.119064493269114,3.5521448981835926e-10
TESS_ALL,All,2.1261516654874053,5.37030821897899e-10
TESS_ALL,All,2.1332388377056963,2.0369728294397033e-09
TESS_ALL,All,2.140326009923988,4.2793316731256587e-10
TESS_ALL,All,2.1474131821422793,7.865232939683296e-10
TESS_ALL,All,2.1545003543605703,8.679543707843595e-10
TESS_ALL,All,2.1615875265788618,2.0594434995674424e-09
TESS_ALL,All,2.1686746987971532,1.634020625193775e-10
TESS_ALL,All,2.1757618710154447,7.269123302625518e-10
TESS_ALL,All,2.1828490432337357,1.2262592454580841e-11
TESS_ALL,All,2.189936215452027,4.997385473556376e-10
TESS_ALL,All,2.1970233876703187,5.086807110180442e-10
TESS_ALL,All,2.20411055988861,9.122209036506192e-10
TESS_ALL,All,2.211197732106901,6.424700771043894e-10
TESS_ALL,All,2.2182849043251927,1.7889991392129393e-10
TESS_ALL,All,2.225372076543484,1.3118435599430255e-09
TESS_ALL,All,2.232459248761775,6.00791365679688e-10
TESS_ALL,All,2.2395464209800666,1.9990478160830982e-09
TESS_ALL,All,2.246633593198358,1.003662359841825e-09
TESS_ALL,All,2.2537207654166496,6.562808897698307e-10
TESS_ALL,All,2.2608079376349406,1.742838719860297e-10
TESS_ALL,All,2.267895109853232,1.6608642029282492e-09
TESS_ALL,All,2.2749822820715235,5.30044878180505e-10
TESS_ALL,All,2.282069454289815,2.5544864515234838e-11
TESS_ALL,All,2.289156626508106,1.6558068282641703e-10
TESS_ALL,All,2.2962437987263975,5.364988147124253e-10
TESS_ALL,All,2.303330970944689,1.2467300602914624e-09
TESS_ALL,All,2.31041814316298,2.5277781826504876e-09
TESS_ALL,All,2.3175053153812715,1.0629903109641648e-09
TESS_ALL,All,2.324592487599563,8.94252984922893e-10
TESS_ALL,All,2.3316796598178544,4.737294647804222e-10
TESS_ALL,All,2.3387668320361454,3.539021980886966e-10
TESS_ALL,All,2.345854004254437,1.3599670170335959e-09
TESS_ALL,All,2.3529411764727284,1.4038904412544205e-10
TESS_ALL,All,2.36002834869102,2.8956275688092884e-09
TESS_ALL,All,2.367115520909311,6.747126025884164e-10
TESS_ALL,All,2.3742026931276023,1.4224165116387444e-09
TESS_ALL,All,2.381289865345894,1.15433004382784e-09
TESS_ALL,All,2.3883770375641853,8.899520451459703e-10
TESS_ALL,All,2.3954642097824763,1.4144773430410743e-09
TESS_ALL,All,2.402551382000768,1.1179126181283922e-09
TESS_ALL,All,2.4096385542190593,3.9411225414100443e-10
TESS_ALL,All,2.4167257264373503,7.928317285373061e-11
TESS_ALL,All,2.4238128986556418,1.011454806482215e-09
TESS_ALL,All,2.4309000708739332,8.487165351464451e-10
TESS_ALL,All,2.4379872430922247,4.645133161679937e-10
TESS_ALL,All,2.4450744153105157,2.1628120012015408e-09
TESS_ALL,All,2.452161587528807,1.6097725346928266e-11
TESS_ALL,All,2.4592487597470987,3.280424372237261e-10
TESS_ALL,All,2.46633593196539,8.135014397531854e-10
TESS_ALL,All,2.473423104183681,3.5590168216806663e-09
TESS_ALL,All,2.4805102764019726,3.986509931598992e-10
TESS_ALL,All,2.487597448620264,1.4430804373381614e-09
TESS_ALL,All,2.494684620838555,4.322275689856551e-10
TESS_ALL,All,2.5017717930568466,5.507087509998685e-09
TESS_ALL,All,2.508858965275138,3.948798374246468e-09
TESS_ALL,All,2.5159461374934295,2.8260024769220877e-09
TESS_ALL,All,2.5230333097117206,8.182818676402174e-11
TESS_ALL,All,2.530120481930012,1.1717088919967174e-08
TESS_ALL,All,2.5372076541483035,1.8662828691680846e-08
TESS_ALL,All,2.544294826366595,4.0849481502908366e-09
TESS_ALL,All,2.551381998584886,4.7383963090686015e-08
TESS_ALL,All,2.5584691708031775,7.32673666369452e-09
TESS_ALL,All,2.565556343021469,4.797510140172641e-09
TESS_ALL,All,2.57264351523976,4.231025944424583e-08
TESS_ALL,All,2.5797306874580515,5.024613790390852e-09
TESS_ALL,All,2.586817859676343,1.381846230724221e-08
TESS_ALL,All,2.5939050318946344,4.698582494291643e-09
TESS_ALL,All,2.6009922041129254,4.036501045537969e-09
TESS_ALL,All,2.608079376331217,2.2181247539856913e-09
TESS_ALL,All,2.6151665485495084,3.436644159929701e-09
TESS_ALL,All,2.6222537207678,1.4817963313316088e-08
TESS_ALL,All,2.629340892986091,1.3808710096809527e-10
TESS_ALL,All,2.6364280652043823,3.8141440422669305e-10
TESS_ALL,All,2.643515237422674,8.102521120130333e-10
TESS_ALL,All,2.650602409640965,1.4384141896037075e-10
TESS_ALL,All,2.6576895818592563,1.7788896850854564e-09
TESS_ALL,All,2.6647767540775478,1.6030202376690534e-09
TESS_ALL,All,2.6718639262958392,5.525566882381124e-10
TESS_ALL,All,2.6789510985141303,1.6136300177950817e-10
TESS_ALL,All,2.6860382707324217,1.3487569001645625e-09
TESS_ALL,All,2.693125442950713,9.575395441856168e-10
TESS_ALL,All,2.7002126151690047,1.4275711751802055e-09
TESS_ALL,All,2.7072997873872957,4.261278783895535e-09
TESS_ALL,All,2.714386959605587,4.256659462719652e-09
TESS_ALL,All,2.7214741318238787,5.436916512449808e-10
TESS_ALL,All,2.7285613040421697,3.2943013257335894e-09
TESS_ALL,All,2.735648476260461,1.4026344133429077e-09
TESS_ALL,All,2.7427356484787526,1.507138222426006e-09
TESS_ALL,All,2.749822820697044,5.990135121147044e-10
TESS_ALL,All,2.756909992915335,2.2679104467918652e-09
TESS_ALL,All,2.7639971651336266,1.6093013666867245e-09
TESS_ALL,All,2.771084337351918,1.7826520014786463e-10
TESS_ALL,All,2.7781715095702095,2.8087978923151296e-09
TESS_ALL,All,2.7852586817885006,6.025003381498382e-10
TESS_ALL,All,2.792345854006792,2.504644592817034e-10
TESS_ALL,All,2.7994330262250835,2.6784303247222006e-10
TESS_ALL,All,2.8065201984433745,8.612193750033985e-10
TESS_ALL,All,2.813607370661666,6.990019625437543e-10
TESS_ALL,All,2.8206945428799575,3.151106262375848e-10
TESS_ALL,All,2.827781715098249,2.698628324025201e-10
TESS_ALL,All,2.83486888731654,1.3623582855995735e-09
TESS_ALL,All,2.8419560595348314,1.9286225075039552e-10
TESS_ALL,All,2.849043231753123,2.062266048653033e-09
TESS_ALL,All,2.8561304039714144,2.5738687897184928e-09
TESS_ALL,All,2.8632175761897054,9.109291426756617e-10
TESS_ALL,All,2.870304748407997,3.470584664566667e-10
TESS_ALL,All,2.8773919206262883,1.171063358518785e-10
TESS_ALL,All,2.88447909284458,7.107796267217035e-11
TESS_ALL,All,2.891566265062871,7.888721474720432e-10
TESS_ALL,All,2.8986534372811623,2.1701815872624765e-10
TESS_ALL,All,2.905740609499454,9.10875810765934e-10
TESS_ALL,All,2.912827781717745,4.455516409177543e-10
TESS_ALL,All,2.9199149539360363,2.2743624489791106e-09
TESS_ALL,All,2.9270021261543278,3.755728823150514e-10
TESS_ALL,All,2.9340892983726192,4.1322747784367034e-10
TESS_ALL,All,2.9411764705909103,3.562559900965965e-09
TESS_ALL,All,2.9482636428092017,3.6614871604089135e-09
TESS_ALL,All,2.955350815027493,1.8533970672583354e-10
TESS_ALL,All,2.9624379872457847,2.2085709510942175e-09
TESS_ALL,All,2.9695251594640757,1.4810461410083218e-10
TESS_ALL,All,2.976612331682367,1.1457091624255344e-09
TESS_ALL,All,2.9836995039006586,2.549813083420476e-10
TESS_ALL,All,2.9907866761189497,3.7904444903287505e-10
TESS_ALL,All,2.997873848337241,3.7112382402507975e-10
TESS_ALL,All,3.0049610205555326,3.5427377663479155e-10
TESS_ALL,All,3.012048192773824,4.3802940786768585e-10
TESS_ALL,All,3.019135364992115,1.3090744039561258e-09
TESS_ALL,All,3.0262225372104066,3.552747049613039e-10
TESS_ALL,All,3.033309709428698,5.010875189810087e-10
TESS_ALL,All,3.0403968816469895,8.569792658000687e-12
TESS_ALL,All,3.0474840538652805,6.951486628333434e-10
TESS_ALL,All,3.054571226083572,1.277588837351231e-11
TESS_ALL,All,3.0616583983018635,1.2122407765739959e-10
TESS_ALL,All,3.0687455705201545,6.647190341851342e-11
TESS_ALL,All,3.075832742738446,3.7018100448595387e-10
TESS_ALL,All,3.0829199149567375,7.05702599209358e-11
TESS_ALL,All,3.090007087175029,4.5070806196692086e-10
TESS_ALL,All,3.09709425939332,9.656012202188533e-10
TESS_ALL,All,3.1041814316116114,9.335571003830865e-10
TESS_ALL,All,3.111268603829903,2.458701395054837e-10
TESS_ALL,All,3.1183557760481944,5.751546657968046e-10
TESS_ALL,All,3.1254429482664854,6.520670386079404e-10
TESS_ALL,All,3.132530120484777,7.485337989750576e-10
TESS_ALL,All,3.1396172927030683,5.558631348545277e-10
TESS_ALL,All,3.1467044649213594,6.58092769656368e-10
TESS_ALL,All,3.153791637139651,8.232967300981601e-10
TESS_ALL,All,3.1608788093579423,1.8485321059100788e-09
TESS_ALL,All,3.1679659815762338,2.102194797892207e-09
TESS_ALL,All,3.175053153794525,2.9797801459497183e-10
TESS_ALL,All,3.1821403260128163,4.4958871026846285e-09
TESS_ALL,All,3.1892274982311077,2.712688558828293e-10
TESS_ALL,All,3.196314670449399,5.417910491498771e-10
TESS_ALL,All,3.2034018426676902,2.2591241561448384e-10
TESS_ALL,All,3.2104890148859817,2.272217279456627e-10
TESS_ALL,All,3.217576187104273,1.5911783086996876e-09
TESS_ALL,All,3.224663359322564,4.1714903360154007e-10
TESS_ALL,All,3.2317505315408557,7.165736869683629e-10
TESS_ALL,All,3.238837703759147,3.17039799025138e-10
TESS_ALL,All,3.2459248759774386,2.96135198849214e-11
TESS_ALL,All,3.2530120481957296,1.3175073797165649e-10
TESS_ALL,All,3.260099220414021,7.652894071525536e-10
TESS_ALL,All,3.2671863926323126,3.3676621920882174e-09
TESS_ALL,All,3.274273564850604,4.2118363832067464e-10
TESS_ALL,All,3.281360737068895,2.2591740835794707e-10
TESS_ALL,All,3.2884479092871866,9.723672806561204e-10
TESS_ALL,All,3.295535081505478,2.8206558305225267e-10
TESS_ALL,All,3.302622253723769,2.822203998652027e-10
TESS_ALL,All,3.3097094259420605,6.461217291329879e-10
TESS_ALL,All,3.316796598160352,7.193295668534371e-10
TESS_ALL,All,3.3238837703786435,5.179417003022006e-11
TESS_ALL,All,3.3309709425969345,1.805801830802898e-10
TESS_ALL,All,3.338058114815226,2.3335000108082973e-10
TESS_ALL,All,3.3451452870335174,8.325371140769652e-10
TESS_ALL,All,3.352232459251809,1.9072989957359575e-09
TESS_ALL,All,3.3593196314701,5.77026555273202e-10
TESS_ALL,All,3.3664068036883914,2.1030828321548013e-10
TESS_ALL,All,3.373493975906683,3.8073843996982445e-10
TESS_ALL,All,3.3805811481249743,8.982554041024518e-10
TESS_ALL,All,3.3876683203432654,6.978598551941177e-11
TESS_ALL,All,3.394755492561557,2.533833202271335e-10
TESS_ALL,All,3.4018426647798483,2.42316401689822e-09
TESS_ALL,All,3.4089298369981393,2.695814494046917e-10
TESS_ALL,All,3.416017009216431,6.917898666661701e-10
TESS_ALL,All,3.4231041814347223,4.810087871768719e-10
TESS_ALL,All,3.4301913536530138,7.126928468354033e-09
TESS_ALL,All,3.437278525871305,1.3297358270623343e-09
TESS_ALL,All,3.4443656980895963,3.922103808096201e-09
TESS_ALL,All,3.4514528703078877,6.278019470672037e-11
TESS_ALL,All,3.458540042526179,3.6719821226850244e-09
TESS_ALL,All,3.46562721474447,1.404419993645864e-09
TESS_ALL,All,3.4727143869627617,5.0116880756005975e-09
TESS_ALL,All,3.479801559181053,9.513052635338512e-11
TESS_ALL,All,3.486888731399344,1.176376385597858e-08
TESS_ALL,All,3.4939759036176357,1.2698959251821589e-08
TESS_ALL,All,3.501063075835927,2.893024636849135e-10
TESS_ALL,All,3.5081502480542186,6.916101437102346e-09
TESS_ALL,All,3.5152374202725096,2.1808182491184416e-09
TESS_ALL,All,3.522324592490801,1.94779244660102e-11
TESS_ALL,All,3.5294117647090926,6.767677975758358e-10
TESS_ALL,All,3.536498936927384,5.152957792881377e-10
TESS_ALL,All,3.543586109145675,3.31136025758248e-09
TESS_ALL,All,3.5506732813639665,1.2298473312502685e-09
TESS_ALL,All,3.557760453582258,1.3572238025472638e-09
TESS_ALL,All,3.564847625800549,5.283074890929306e-10
TESS_ALL,All,3.5719347980188405,9.254711843446982e-11
TESS_ALL,All,3.579021970237132,2.0442838591576527e-10
TESS_ALL,All,3.5861091424554234,2.398406085086304e-10
TESS_ALL,All,3.5931963146737145,9.271787441774718e-10
TESS_ALL,All,3.600283486892006,1.1061453496777777e-09
TESS_ALL,All,3.6073706591102974,9.420193869578313e-10
TESS_ALL,All,3.614457831328589,5.575136738981693e-13
TESS_ALL,All,3.62154500354688,1.6147735000754315e-09
TESS_ALL,All,3.6286321757651714,1.0581105665701664e-09
TESS_ALL,All,3.635719347983463,4.438577314023284e-10
TESS_ALL,All,3.642806520201754,1.228850615703486e-10
TESS_ALL,All,3.6498936924200454,1.6566132529166158e-09
TESS_ALL,All,3.656980864638337,3.796722333442369e-09
TESS_ALL,All,3.6640680368566283,2.4989569529277738e-08
TESS_ALL,All,3.6711552090749193,1.8445743901809454e-09
TESS_ALL,All,3.678242381293211,1.8444876257468986e-09
TESS_ALL,All,3.6853295535115023,3.341730220442031e-09
TESS_ALL,All,3.6924167257297937,2.1054848226591317e-09
TESS_ALL,All,3.6995038979480848,7.659195426780444e-09
TESS_ALL,All,3.7065910701663762,4.666387332471373e-09
TESS_ALL,All,3.7136782423846677,1.0554062553578976e-09
TESS_ALL,All,3.7207654146029587,5.09335081640502e-09
TESS_ALL,All,3.72785258682125,4.821576222642433e-10
TESS_ALL,All,3.7349397590395417,2.1847171195242383e-09
TESS_ALL,All,3.742026931257833,3.519415086701218e-09
TESS_ALL,All,3.749114103476124,1.0634578273207736e-08
TESS_ALL,All,3.7562012756944156,4.0801689577122735e-10
TESS_ALL,All,3.763288447912707,9.321727948739092e-10
TESS_ALL,All,3.7703756201309986,3.817993924548484e-10
TESS_ALL,All,3.7774627923492896,3.5181325118108203e-10
TESS_ALL,All,3.784549964567581,1.2700008511211631e-09
TESS_ALL,All,3.7916371367858726,1.961728932416281e-09
TESS_ALL,All,3.7987243090041636,5.85105260192036e-11
TESS_ALL,All,3.805811481222455,2.546751817276659e-09
TESS_ALL,All,3.8128986534407465,3.816799575657789e-10
TESS_ALL,All,3.819985825659038,8.348392408251369e-12
TESS_ALL,All,3.827072997877329,5.384763926559326e-10
TESS_ALL,All,3.8341601700956205,8.931198197372315e-10
TESS_ALL,All,3.841247342313912,6.792577129303242e-11
TESS_ALL,All,3.8483345145322034,3.760190846212525e-09
TESS_ALL,All,3.8554216867504945,1.1735947805776677e-10
TESS_ALL,All,3.862508858968786,5.408248430030915e-10
TESS_ALL,All,3.8695960311870774,2.712867298291222e-09
TESS_ALL,All,3.8766832034053684,5.639859397222509e-10
TESS_ALL,All,3.88377037562366,9.024532567886644e-10
TESS_ALL,All,3.8908575478419514,1.0930638921325896e-09
TESS_ALL,All,3.897944720060243,7.895844909039841e-10
TESS_ALL,All,3.905031892278534,1.3841052372217237e-10
TESS_ALL,All,3.9121190644968253,4.814956567104282e-10
TESS_ALL,All,3.919206236715117,4.08730339349254e-10
TESS_ALL,All,3.9262934089334083,3.8447816678302803e-10
TESS_ALL,All,3.9333805811516993,7.779436054065495e-10
TESS_ALL,All,3.9404677533699908,4.873677756246763e-10
TESS_ALL,All,3.9475549255882822,9.204459937741608e-11
TESS_ALL,All,3.9546420978065737,1.8782365617949595e-09
TESS_ALL,All,3.9617292700248647,1.1546771133348128e-10
TESS_ALL,All,3.968816442243156,2.816592587586117e-10
TESS_ALL,All,3.9759036144614477,2.486077222781454e-10
TESS_ALL,All,3.9829907866797387,7.206644862900592e-10
TESS_ALL,All,3.99007795889803,8.026711244291698e-10
TESS_ALL,All,3.9971651311163217,2.4759516021317737e-10
TESS_ALL,All,4.004252303334613,2.027422530933955e-10
TESS_ALL,All,4.011339475552904,5.61626730171979e-10
TESS_ALL,All,4.018426647771196,1.810063401319088e-09
TESS_ALL,All,4.025513819989487,2.768741095419985e-10
TESS_ALL,All,4.032600992207779,1.5443645623545092e-10
TESS_ALL,All,4.03968816442607,3.0038236009901484e-09
TESS_ALL,All,4.046775336644361,1.1409649672968582e-10
TESS_ALL,All,4.053862508862652,1.1543882797812549e-14
TESS_ALL,All,4.060949681080944,4.209099785195897e-10
TESS_ALL,All,4.068036853299235,1.8564061933304778e-10
TESS_ALL,All,4.0751240255175265,6.750109061569219e-10
TESS_ALL,All,4.082211197735818,2.3798298293560876e-10
TESS_ALL,All,4.0892983699541094,2.0144572762549087e-09
TESS_ALL,All,4.096385542172401,4.6517454955950653e-10
TESS_ALL,All,4.1034727143906915,8.550258453109525e-12
TESS_ALL,All,4.110559886608983,6.798235016693388e-11
TESS_ALL,All,4.117647058827274,2.991670128644054e-10
TESS_ALL,All,4.124734231045566,4.5369229216372215e-09
TESS_ALL,All,4.131821403263857,9.318642846581592e-10
TESS_ALL,All,4.138908575482149,2.076313966197398e-10
TESS_ALL,All,4.14599574770044,1.645202191069227e-10
TESS_ALL,All,4.153082919918731,1.0109806417093562e-10
TESS_ALL,All,4.160170092137022,6.600636834887464e-10
TESS_ALL,All,4.167257264355314,2.3104939410329325e-11
TESS_ALL,All,4.174344436573605,1.054826919979266e-09
TESS_ALL,All,4.181431608791897,6.868917050280345e-11
TESS_ALL,All,4.188518781010188,6.599285040552596e-10
TESS_ALL,All,4.19560595322848,1.0678707446624781e-09
TESS_ALL,All,4.202693125446771,2.0804332306038743e-08
TESS_ALL,All,4.209780297665062,7.000465159029441e-09
TESS_ALL,All,4.216867469883353,1.233526322440059e-08
TESS_ALL,All,4.223954642101645,1.239916453396021e-09
TESS_ALL,All,4.231041814319936,3.4637621980167368e-09
TESS_ALL,All,4.238128986538228,2.4961298408654873e-10
TESS_ALL,All,4.245216158756519,1.1102522199025408e-08
TESS_ALL,All,4.252303330974811,7.010686809026853e-09
TESS_ALL,All,4.259390503193101,7.70666044425882e-09
TESS_ALL,All,4.266477675411393,6.856646741855409e-10
TESS_ALL,All,4.273564847629684,2.8094483208074706e-09
TESS_ALL,All,4.280652019847976,2.478617279325507e-09
TESS_ALL,All,4.287739192066267,4.890248986835625e-09
TESS_ALL,All,4.2948263642845586,1.5226399042011941e-10
TESS_ALL,All,4.30191353650285,2.2297662555399337e-09
TESS_ALL,All,4.309000708721141,1.2340724463783874e-10
TESS_ALL,All,4.316087880939432,2.2192472711773423e-10
TESS_ALL,All,4.3231750531577235,1.1713580661425622e-10
TESS_ALL,All,4.330262225376015,8.458166559198756e-10
TESS_ALL,All,4.3373493975943065,1.0501968106346943e-10
TESS_ALL,All,4.344436569812598,2.685648007233886e-10
TESS_ALL,All,4.351523742030889,6.833063202637139e-10
TESS_ALL,All,4.358610914249181,1.7045935373534553e-09
TESS_ALL,All,4.3656980864674715,1.1529096737062676e-09
TESS_ALL,All,4.372785258685763,5.031793932234254e-10
TESS_ALL,All,4.379872430904054,4.1302780314708106e-10
TESS_ALL,All,4.386959603122346,1.4969986166079415e-09
TESS_ALL,All,4.394046775340637,8.880123286693378e-10
TESS_ALL,All,4.401133947558929,7.41647674366832e-10
TESS_ALL,All,4.40822111977722,5.654681300475677e-11
TESS_ALL,All,4.415308291995511,2.4413417095525534e-10
TESS_ALL,All,4.422395464213802,8.84249463229833e-10
TESS_ALL,All,4.429482636432094,6.794753844142467e-10
TESS_ALL,All,4.436569808650385,1.3397142818369906e-10
TESS_ALL,All,4.443656980868677,1.0765925614165176e-10
TESS_ALL,All,4.450744153086968,1.6227242747306163e-10
TESS_ALL,All,4.45783132530526,2.7490041779695153e-10
TESS_ALL,All,4.46491849752355,9.219978233660176e-11
TESS_ALL,All,4.472005669741842,6.412602455214587e-11
TESS_ALL,All,4.479092841960133,2.2188015733473083e-10
TESS_ALL,All,4.486180014178425,1.9576919444141366e-11
TESS_ALL,All,4.493267186396716,3.890620966512947e-11
TESS_ALL,All,4.500354358615008,8.217665019985852e-11
TESS_ALL,All,4.507441530833299,6.425268246840663e-10
TESS_ALL,All,4.514528703051591,5.829940692570654e-10
TESS_ALL,All,4.521615875269881,1.38749579135728e-09
TESS_ALL,All,4.528703047488173,8.45434994969135e-10
TESS_ALL,All,4.535790219706464,3.3856714284087585e-10
TESS_ALL,All,4.542877391924756,4.912584380088035e-10
TESS_ALL,All,4.549964564143047,7.953336666724042e-10
TESS_ALL,All,4.5570517363613385,1.6380035035789768e-10
TESS_ALL,All,4.56413890857963,4.666966457653071e-10
TESS_ALL,All,4.571226080797921,6.986602027096528e-10
TESS_ALL,All,4.578313253016212,2.8049581578514824e-10
TESS_ALL,All,4.5854004252345035,1.4032706296350245e-10
TESS_ALL,All,4.592487597452795,4.239351775645661e-11
TESS_ALL,All,4.5995747696710865,1.1084329056510473e-10
TESS_ALL,All,4.606661941889378,6.140435355843291e-10
TESS_ALL,All,4.613749114107669,5.556914373150756e-10
TESS_ALL,All,4.62083628632596,1.934102751243174e-09
TESS_ALL,All,4.6279234585442515,2.1110256550552947e-10
TESS_ALL,All,4.635010630762543,1.5487490863379085e-10
TESS_ALL,All,4.642097802980834,2.0308704256110707e-10
TESS_ALL,All,4.649184975199126,6.683795151434452e-10
TESS_ALL,All,4.656272147417417,4.122991977186507e-10
TESS_ALL,All,4.663359319635709,3.97452315210565e-10
TESS_ALL,All,4.670446491854,2.363936040682693e-10
TESS_ALL,All,4.677533664072291,2.1889961596884833e-10
TESS_ALL,All,4.684620836290582,5.34982511470071e-10
TESS_ALL,All,4.691708008508874,2.5829918787305125e-10
TESS_ALL,All,4.698795180727165,3.9332998012236044e-09
TESS_ALL,All,4.705882352945457,1.2085925988332682e-10
TESS_ALL,All,4.712969525163748,1.8045710785896702e-10
TESS_ALL,All,4.72005669738204,1.9336945012340083e-09
TESS_ALL,All,4.72714386960033,2.691194204665474e-09
TESS_ALL,All,4.734231041818622,4.1330387672108e-10
TESS_ALL,All,4.741318214036913,6.03748676650677e-10
TESS_ALL,All,4.748405386255205,5.2201297471847077e-11
TESS_ALL,All,4.755492558473496,2.247594708467119e-09
TESS_ALL,All,4.762579730691788,1.6021468750690077e-09
TESS_ALL,All,4.769666902910079,1.611098309902015e-10
TESS_ALL,All,4.776754075128371,1.2469101202175984e-10
TESS_ALL,All,4.783841247346661,1.1615621227331222e-09
TESS_ALL,All,4.790928419564953,3.1294021303247176e-11
TESS_ALL,All,4.798015591783244,8.639230444358307e-10
TESS_ALL,All,4.805102764001536,6.12061627396189e-10
TESS_ALL,All,4.812189936219827,3.857364678660799e-10
TESS_ALL,All,4.8192771084381185,1.0113001070195317e-09
TESS_ALL,All,4.82636428065641,6.075594888610392e-11
TESS_ALL,All,4.833451452874701,2.8880516158071047e-10
TESS_ALL,All,4.840538625092992,3.241452126946887e-10
TESS_ALL,All,4.8476257973112835,1.0699969249145412e-10
TESS_ALL,All,4.854712969529575,7.233745803732537e-10
TESS_ALL,All,4.8618001417478665,8.096188405979584e-10
TESS_ALL,All,4.868887313966158,2.9641485451841393e-10
TESS_ALL,All,4.875974486184449,7.867809935625501e-11
TESS_ALL,All,4.88306165840274,8.543332465527743e-11
TESS_ALL,All,4.8901488306210315,4.1082666917666445e-10
TESS_ALL,All,4.897236002839323,1.157059869274828e-10
TESS_ALL,All,4.904323175057614,9.643732876789583e-10
TESS_ALL,All,4.911410347275906,9.870934242855188e-11
TESS_ALL,All,4.918497519494197,1.237995410565034e-10
TESS_ALL,All,4.925584691712489,2.9581888192009883e-10
TESS_ALL,All,4.93267186393078,9.22161197539281e-11
TESS_ALL,All,4.939759036149071,1.7036833424023882e-11
TESS_ALL,All,4.946846208367362,3.7507883777081356e-10
TESS_ALL,All,4.953933380585654,4.769977890722396e-10
TESS_ALL,All,4.961020552803945,5.195563760698368e-10
TESS_ALL,All,4.968107725022237,3.554685979478874e-10
TESS_ALL,All,4.975194897240528,2.0578248998791398e-10
TESS_ALL,All,4.98228206945882,1.4470420011421616e-10
TESS_ALL,All,4.98936924167711,8.369482839487028e-10
TESS_ALL,All,4.996456413895402,4.096715270865685e-10
