Photometry,Sector,Time,Value
TESS_18_0,All,1411.0685242458917,-737.3348212647543
TESS_18_0,All,1411.3985242458916,-3213.3592429129767
TESS_18_0,All,1411.7285242458915,-5318.784808821238
TESS_18_0,All,1412.0585242458915,-5861.523107797757
TESS_18_0,All,1412.3885242458914,-4533.140349799751
TESS_18_0,All,1412.7185242458913,-5029.934597929613
TESS_18_0,All,1413.0485242458913,-4264.861343486294
TESS_18_0,All,1413.3785242458912,-2058.9196423949447
TESS_18_0,All,1413.708524245891,-1450.243697130544
TESS_18_0,All,1414.038524245891,471.5271492565211
TESS_18_0,All,1414.368524245891,252.05084739930106
TESS_18_0,All,1414.698524245891,228.03361337989992
TESS_18_0,All,1415.0285242458908,1025.9851692529726
TESS_18_0,All,1415.3585242458907,378.47899151011956
TESS_18_0,All,1415.6885242458907,-114.28902951383547
TESS_18_0,All,1416.0185242458906,-150.63865542594155
TESS_18_0,All,1416.3485242458905,-281.8823528722625
TESS_18_0,All,1416.6785242458905,-906.3122360645696
TESS_18_0,All,1417.0085242458904,1924.5966179699274
TESS_18_0,All,1417.3385242458903,2359.4696963960505
TESS_18_0,All,1417.6685242458902,1517.718487039412
TESS_18_0,All,1417.9985242458902,1892.7352936668126
TESS_18_0,All,1418.32852424589,842.6688031991108
TESS_18_0,All,1421.2985242458894,-11207.19166372276
TESS_18_0,All,1421.6285242458894,30467.478895514214
TESS_18_0,All,1421.9585242458893,-10057.983190829478
TESS_18_0,All,1422.2885242458892,-11525.91560901948
TESS_18_0,All,1422.6185242458891,-5044.932771893864
TESS_18_0,All,1422.948524245889,1250.8972599923006
TESS_18_0,All,1423.278524245889,4758.655318071896
TESS_18_0,All,1423.608524245889,2701.265305581636
TESS_18_0,All,1424.5985242458887,9139.253331102958
TESS_18_0,All,1424.9285242458886,7355.149570882086
TESS_18_0,All,1425.2585242458886,1520.7457261253508
TESS_18_0,All,1425.5885242458885,-708.1244724018986
TESS_18_0,All,1425.9185242458884,-2044.3571423496817
TESS_18_0,All,1426.2485242458883,-3350.297467543846
TESS_18_0,All,1426.5785242458883,-2894.7899152566797
TESS_18_0,All,1426.9085242458882,-2152.615545683697
TESS_18_0,All,1427.2385242458881,-1956.1814341174304
TESS_18_0,All,1427.568524245888,-1279.537946099299
TESS_18_0,All,1427.898524245888,-829.5991559130796
TESS_18_0,All,1428.228524245888,-564.7647057398723
TESS_18_0,All,1428.5585242458878,-358.77100831377044
TESS_18_0,All,1428.8885242458878,-1154.9599153349718
TESS_18_0,All,1429.2185242458877,-718.8529410036124
TESS_18_0,All,1429.5485242458876,-1381.666666309019
TESS_18_0,All,1429.8785242458875,-2139.77100788751
TESS_18_0,All,1430.2085242458875,-1567.8697475220406
TESS_18_0,All,1430.5385242458874,-1518.6138388843642
TESS_18_0,All,1430.8685242458873,-2929.579831218511
TESS_18_0,All,1431.1985242458873,-2685.122362222165
TESS_18_0,All,1431.5285242458872,-2519.7878145055315
TESS_18_0,All,1431.858524245887,-2441.6176464567275
TESS_18_0,All,1432.188524245887,-2939.968353726025
TESS_18_0,All,1432.518524245887,-2591.987394314772
TESS_18_0,All,1432.848524245887,-1629.1940924255846
TESS_18_0,All,1433.1785242458868,-36.4873949464434
TESS_18_0,All,1433.5085242458867,245.47111105100976
TESS_18_0,All,1433.8385242458867,-253.40084381757563
TESS_18_0,All,1434.1685242458866,898.0420165962595
TESS_18_0,All,1434.4985242458865,2036.1371303074227
TESS_18_0,All,1434.8285242458865,3059.926469831872
TESS_18_0,All,1435.1585242458864,4544.327729994349
TESS_18_0,All,1435.4885242458863,5375.854429070268
TESS_18_0,All,1435.8185242458862,7483.052519179349
TESS_18_0,All,1436.1485242458862,9672.7299554497
TESS_18_0,All,1436.478524245886,11853.631108270296
TESS_18_0,All,1436.808524245886,8140.294324303066
TESS_18_1,All,1438.1578884769194,651.8109243215422
TESS_18_1,All,1438.4878884769194,29.716386681606508
TESS_18_1,All,1438.8178884769193,-384.36708873015226
TESS_18_1,All,1439.1478884769192,-168.87605043945976
TESS_18_1,All,1439.4778884769191,130.22995792640538
TESS_18_1,All,1439.807888476919,-220.2983194294057
TESS_18_1,All,1440.137888476919,286.70378151937473
TESS_18_1,All,1440.467888476919,187.46835457236125
TESS_18_1,All,1440.7978884769188,287.9201679354839
TESS_18_1,All,1441.1278884769188,26.64847171078863
TESS_18_1,All,1441.4578884769187,330.51694923852
TESS_18_1,All,1441.7878884769186,525.2605041039701
TESS_18_1,All,1442.1178884769186,348.1940927825522
TESS_18_1,All,1442.4478884769185,-1224.9999998345963
TESS_18_1,All,1442.7778884769184,-29.297468505854784
TESS_18_1,All,1443.1078884769183,-304.83193279428707
TESS_18_1,All,1443.4378884769183,-289.65336117391405
TESS_18_1,All,1443.7678884769182,-163.98101282397576
TESS_18_1,All,1444.0978884769181,249.37117901367165
TESS_18_1,All,1444.427888476918,-71.22995764549177
TESS_18_1,All,1444.757888476918,99.78151247810823
TESS_18_1,All,1445.087888476918,338.8235294051711
TESS_18_1,All,1445.4178884769178,81.66666679218694
TESS_18_1,All,1445.7478884769178,-64.26890773355898
TESS_18_1,All,1446.0778884769177,-161.2278480406041
TESS_18_1,All,1446.4078884769176,-278.83193265076557
TESS_18_1,All,1446.7378884769175,-10.686974954497883
TESS_18_1,All,1447.0678884769175,-5.0586955898481865
TESS_18_1,All,1447.3978884769174,-64.59663850388748
TESS_18_1,All,1447.7278884769173,-268.15400865428415
TESS_18_1,All,1448.0578884769172,-144.31302516547836
TESS_18_1,All,1448.3878884769172,-177.5189074136223
TESS_18_1,All,1448.717888476917,-173.91350232029356
TESS_18_1,All,1449.047888476917,13.728991682903388
TESS_18_1,All,1449.377888476917,44.89451489625459
TESS_18_1,All,1449.7078884769169,714.0378149156733
TESS_18_1,All,1450.0378884769168,511.19724781158885
TESS_18_1,All,1451.6878884769164,1002.1565420656578
TESS_18_1,All,1452.0178884769164,-219.7067509232372
TESS_18_1,All,1452.3478884769163,-197.46638652214295
TESS_18_1,All,1452.6778884769162,-139.5738398929044
TESS_18_1,All,1453.0078884769162,-2.4705880948522387
TESS_18_1,All,1453.337888476916,-207.45168056298328
TESS_18_1,All,1453.667888476916,378.80590693551636
TESS_18_1,All,1453.997888476916,-72.25420152298527
TESS_18_1,All,1454.3278884769159,54.08227853734392
TESS_18_1,All,1454.6578884769158,270.4415580049859
TESS_18_1,All,1454.9878884769157,-339.4495796543632
TESS_18_1,All,1455.3178884769156,112.69831224394184
TESS_18_1,All,1455.6478884769156,-565.7605043718153
TESS_18_1,All,1455.9778884769155,-960.5084386081926
TESS_18_1,All,1456.3078884769154,27.102941161095938
TESS_18_1,All,1456.6378884769154,485.71428555648134
TESS_18_1,All,1456.9678884769153,23.29746851017345
TESS_18_1,All,1457.2978884769152,-230.9474790210859
TESS_18_1,All,1457.6278884769151,-248.88478252069783
TESS_18_1,All,1457.957888476915,152.3424371625727
TESS_18_1,All,1458.287888476915,550.3004201685172
TESS_18_1,All,1458.617888476915,1180.4894512512246
TESS_18_1,All,1458.9478884769148,-987.6428569039924
TESS_18_1,All,1459.2778884769148,-1472.7236287749377
TESS_18_1,All,1459.6078884769147,136.58193259900278
TESS_18_1,All,1459.9378884769146,-92.65966361489915
TESS_18_1,All,1460.2678884769145,148.73628681692205
TESS_18_1,All,1460.5978884769145,328.3030300090509
TESS_18_1,All,1460.9278884769144,-150.0759491096074
TESS_18_1,All,1461.2578884769143,146.2016805426116
TESS_18_1,All,1461.5878884769143,296.55882339775485
TESS_18_1,All,1461.9178884769142,-68.33333313724474
TESS_18_1,All,1462.247888476914,405.13235285902834
TESS_18_1,All,1462.577888476914,195.01898725347334
TESS_18_1,All,1462.907888476914,-185.41386535367732
TESS_18_1,All,1463.237888476914,-62.76050429487554
TESS_18_1,All,1463.5678884769138,-513.684782408765
TESS_18_1,All,1463.8978884769137,475.7333334551379
TESS_18_19,All,1438.16344410725,-1.2638495326271474e-16
TESS_18_19,All,1438.4934441072498,7.525240183225244e-17
TESS_18_19,All,1438.8234441072498,1.4920867781603303e-17
TESS_18_19,All,1439.1534441072497,1.5276906509099416e-18
TESS_18_19,All,1439.4834441072496,6.216775442909382e-17
TESS_18_19,All,1439.8134441072496,-5.5422009688529095e-18
TESS_18_19,All,1440.1434441072495,-3.6995236108622995e-18
TESS_18_19,All,1440.4734441072494,4.657001439918865e-19
TESS_18_19,All,1440.8034441072493,3.948606016395249e-17
TESS_18_19,All,1441.1334441072493,1.4666989388958555e-16
TESS_18_19,All,1441.4634441072492,-2.0750339203680407e-16
TESS_18_19,All,1441.7934441072491,-3.211099589715776e-17
TESS_18_19,All,1442.123444107249,-1.2242713052343522e-16
TESS_18_19,All,1442.783444107249,1.6320112306175445e-16
TESS_18_19,All,1443.1134441072488,2.8102254100469426e-17
TESS_18_19,All,1443.4434441072488,-1.2579273843306743e-17
TESS_18_19,All,1443.7734441072487,-2.4729906022441626e-17
TESS_18_19,All,1444.1034441072486,8.063174354928585e-17
TESS_18_19,All,1444.4334441072485,-2.73199740681545e-17
TESS_18_19,All,1444.7634441072485,4.4567079831068455e-17
TESS_18_19,All,1445.0934441072484,-2.5411593441162762e-18
TESS_18_19,All,1445.4234441072483,-1.7761684942977722e-17
TESS_18_19,All,1445.7534441072482,-6.789065520112421e-17
TESS_18_19,All,1446.0834441072482,7.902475725520777e-17
TESS_18_19,All,1446.413444107248,5.597096199898623e-17
TESS_18_19,All,1446.743444107248,-3.240986506646491e-19
TESS_18_19,All,1447.073444107248,-8.446398213856709e-17
TESS_18_19,All,1447.4034441072479,4.530843296178591e-19
TESS_18_19,All,1447.7334441072478,1.6112226055078101e-16
TESS_18_19,All,1448.0634441072477,-3.059558455476154e-17
TESS_18_19,All,1448.3934441072477,-8.387926334934424e-17
TESS_18_19,All,1448.7234441072476,2.323725884442421e-16
TESS_18_19,All,1449.0534441072475,7.457886472174479e-17
TESS_18_19,All,1449.3834441072474,-1.0288422077003847e-16
TESS_18_19,All,1449.7134441072474,-1.4354774125977525e-17
TESS_18_19,All,1450.0434441072473,-1.2150842232434865e-16
TESS_18_19,All,1451.693444107247,-1.1776547735899584e-16
TESS_18_19,All,1452.0234441072469,1.0633465772939106e-16
TESS_18_19,All,1452.3534441072468,-4.273318943894756e-17
TESS_18_19,All,1452.6834441072467,3.636405366008402e-17
TESS_18_19,All,1453.0134441072466,8.46361513490313e-17
TESS_18_19,All,1453.3434441072466,-4.5565240539130346e-17
TESS_18_19,All,1453.6734441072465,-7.849373416263223e-17
TESS_18_19,All,1454.0034441072464,1.3079064566145554e-16
TESS_18_19,All,1454.3334441072464,-2.2961906660563106e-16
TESS_18_19,All,1454.6634441072463,2.685704911541689e-16
TESS_18_19,All,1454.9934441072462,-7.041563550415553e-17
TESS_18_19,All,1455.3234441072461,6.27891442323612e-17
TESS_18_19,All,1455.653444107246,8.944262557237797e-17
TESS_18_19,All,1455.983444107246,9.68731781932854e-17
TESS_18_19,All,1456.313444107246,3.536891060638247e-17
TESS_18_19,All,1456.6434441072458,-1.5692884033599808e-16
TESS_18_19,All,1456.9734441072458,1.105529675822058e-16
TESS_18_19,All,1457.3034441072457,-5.622819665176626e-17
TESS_18_19,All,1457.6334441072456,1.4826168063070138e-16
TESS_18_19,All,1457.9634441072456,-8.695869789559278e-17
TESS_18_19,All,1458.2934441072455,-9.321198980793691e-17
TESS_18_19,All,1458.6234441072454,-7.078246224329602e-17
TESS_18_19,All,1459.943444107245,9.500895148871622e-17
TESS_18_19,All,1460.273444107245,-1.3735171851901326e-16
TESS_18_19,All,1460.603444107245,-6.235177097923708e-17
TESS_18_19,All,1460.933444107245,7.933926737908278e-17
TESS_18_19,All,1461.2634441072448,-1.565482022361042e-17
TESS_18_19,All,1461.5934441072447,-1.6134895720757594e-17
TESS_18_19,All,1461.9234441072447,3.684990746985467e-17
TESS_18_19,All,1462.2534441072446,1.6967659899760718e-17
TESS_18_19,All,1462.5834441072445,1.3802804394857704e-17
TESS_18_19,All,1462.9134441072445,-4.69940836907324e-17
TESS_18_19,All,1463.2434441072444,-1.0339831549860608e-16
TESS_18_19,All,1463.5734441072443,1.9406737183536178e-16
TESS_18_19,All,1463.9034441072442,-4.8759880926762955e-17
TESS_18_19,All,1468.1934441072433,5.006237954707513e-18
TESS_18_19,All,1468.5234441072432,-3.765145417289701e-17
TESS_18_19,All,1468.8534441072431,6.34313013644716e-18
TESS_18_19,All,1469.183444107243,1.5384371715696085e-16
TESS_18_19,All,1469.513444107243,-1.7023333631492382e-17
TESS_18_19,All,1469.843444107243,2.072355079506727e-17
TESS_18_19,All,1470.1734441072429,-1.465561137271859e-16
TESS_18_19,All,1470.5034441072428,3.343000236464989e-17
TESS_18_19,All,1470.8334441072427,-1.36325878524884e-17
TESS_18_19,All,1471.1634441072426,4.4179224156313103e-17
TESS_18_19,All,1471.4934441072426,-1.7274116462172575e-16
TESS_18_19,All,1471.8234441072425,2.741371954111573e-17
TESS_18_19,All,1472.1534441072424,-2.1850094022365193e-17
TESS_18_19,All,1472.4834441072423,2.1175240229337932e-17
TESS_18_19,All,1472.8134441072423,-6.844755089224821e-17
TESS_18_19,All,1473.1434441072422,2.4204453600710354e-17
TESS_18_19,All,1473.4734441072421,-4.519587678023454e-17
TESS_18_19,All,1473.803444107242,-4.149957492532075e-17
TESS_18_19,All,1474.133444107242,1.2273500972553188e-16
TESS_18_19,All,1474.463444107242,-8.398354449382952e-17
TESS_18_19,All,1474.7934441072418,8.968761754926114e-17
TESS_18_19,All,1475.1234441072418,-5.419160882503785e-17
TESS_18_19,All,1475.4534441072417,1.2387564306920764e-16
TESS_18_19,All,1475.7834441072416,6.568006410736145e-17
TESS_18_19,All,1476.1134441072415,4.239854024554284e-17
TESS_18_19,All,1476.4434441072415,2.177573939290092e-16
TESS_18_19,All,1476.7734441072414,1.4600276544172274e-16
TESS_18_19,All,1477.1034441072413,-1.5667404008977693e-16
TESS_18_19,All,1478.093444107241,-2.667991153525173e-16
TESS_18_19,All,1478.423444107241,-7.778085247175607e-18
TESS_18_19,All,1478.753444107241,5.69351903798832e-17
TESS_18_19,All,1479.083444107241,7.015791986592538e-17
TESS_18_19,All,1479.4134441072408,-8.78351421045114e-17
TESS_18_19,All,1479.7434441072407,1.9382519157621256e-16
TESS_18_19,All,1480.0734441072407,1.3978849917755805e-16
TESS_18_19,All,1480.4034441072406,-4.768409345668698e-17
TESS_18_19,All,1480.7334441072405,2.8157984171169636e-17
TESS_18_19,All,1481.0634441072405,-1.1581566902895166e-16
TESS_18_19,All,1481.3934441072404,2.6904047160178362e-17
TESS_18_19,All,1481.7234441072403,-5.805349024362283e-17
TESS_18_19,All,1482.0534441072402,5.0200582076473985e-17
TESS_18_19,All,1482.3834441072402,-8.444434388713115e-17
TESS_18_19,All,1482.71344410724,-3.0778554348254355e-17
TESS_18_19,All,1483.04344410724,-4.737050442069982e-18
TESS_18_19,All,1483.37344410724,-2.310220247886639e-16
TESS_18_19,All,1483.7034441072399,-1.334301137670125e-16
TESS_18_19,All,1484.0334441072398,-2.7157280147798527e-16
TESS_18_19,All,1484.3634441072397,-3.872519714751585e-17
TESS_18_19,All,1484.6934441072397,-1.332571045070968e-16
TESS_18_19,All,1485.0234441072396,-2.273981569398663e-16
TESS_18_19,All,1485.3534441072395,-2.501758670122876e-16
TESS_18_19,All,1485.6834441072394,-6.858439192261788e-17
TESS_18_19,All,1488.3234441072389,-9.592474284226252e-17
TESS_18_19,All,1488.6534441072388,-7.206950648225116e-17
TESS_18_19,All,1488.9834441072387,1.7799366293699826e-17
TESS_18_19,All,1489.3134441072386,-1.4286467680809196e-16
TESS_18_19,All,1489.6434441072386,-1.931863490064037e-16
TESS_18_19,All,1489.9734441072385,-6.123720664475275e-17
TESS_18_19,All,1491.6234441072381,-7.26142267649309e-17
TESS_18_19,All,1491.953444107238,1.7153480599734202e-16
TESS_18_19,All,1492.283444107238,-1.8559708456684528e-16
TESS_18_19,All,1492.613444107238,3.6822780022613923e-16
TESS_18_19,All,1492.9434441072378,-1.3176233836939672e-16
TESS_18_19,All,1493.2734441072378,2.8332803551331954e-17
TESS_18_19,All,1493.6034441072377,2.257950675136034e-17
TESS_18_19,All,1493.9334441072376,1.916454628367096e-16
TESS_18_19,All,1494.2634441072375,-9.799370628507845e-17
TESS_18_19,All,1494.5934441072375,-8.978341219568832e-17
TESS_18_19,All,1494.9234441072374,4.1206950019782e-17
TESS_18_19,All,1495.2534441072373,-6.934776896708137e-17
TESS_18_19,All,1495.5834441072373,1.278687200948147e-16
TESS_18_19,All,1495.9134441072372,-5.94412339994132e-17
TESS_18_19,All,1496.243444107237,-8.804664943450656e-17
TESS_18_19,All,1496.573444107237,-3.2286451347916535e-17
TESS_18_19,All,1496.903444107237,6.042046090797688e-17
TESS_18_19,All,1497.233444107237,1.40242035029827e-17
TESS_18_19,All,1497.5634441072368,-2.3797151196537982e-17
TESS_18_19,All,1497.8934441072367,1.7854747567288484e-16
TESS_18_19,All,1498.2234441072367,1.877551493914939e-16
TESS_18_19,All,1498.5534441072366,-8.125392031894917e-17
TESS_18_19,All,1498.8834441072365,-3.93552327221833e-17
TESS_18_19,All,1499.2134441072365,4.830914816485707e-17
TESS_18_19,All,1499.5434441072364,1.705390867371869e-16
TESS_18_19,All,1499.8734441072363,-2.523384925725471e-16
TESS_18_19,All,1500.2034441072362,-1.6279218746291443e-17
TESS_18_19,All,1500.5334441072362,-2.7039131659692267e-17
TESS_18_19,All,1500.863444107236,3.587138963393787e-17
TESS_18_19,All,1501.193444107236,4.555997624122637e-17
TESS_18_19,All,1501.523444107236,9.612486925911972e-17
TESS_18_19,All,1501.8534441072359,-6.664473735599044e-17
TESS_18_19,All,1502.1834441072358,3.625528787814054e-17
TESS_18_19,All,1502.5134441072357,1.0155892425023603e-16
TESS_18_19,All,1502.8434441072357,-1.7301349063175846e-16
TESS_18_19,All,1503.1734441072356,1.4321115612047934e-15
TESS_18_19,All,1504.8234441072352,4.640832598395327e-17
TESS_18_19,All,1505.1534441072351,-1.397715402582849e-17
TESS_18_19,All,1505.483444107235,2.1297184284304447e-18
TESS_18_19,All,1505.813444107235,4.828703953274012e-17
TESS_18_19,All,1506.143444107235,1.0018886851287794e-16
TESS_18_19,All,1506.4734441072349,-4.1016194488997544e-17
TESS_18_19,All,1506.8034441072348,-8.982824266005844e-17
TESS_18_19,All,1507.1334441072347,-8.381561131463145e-17
TESS_18_19,All,1507.4634441072346,8.131567758934281e-17
TESS_18_19,All,1507.7934441072346,-2.139046733040569e-16
TESS_18_19,All,1508.1234441072345,1.0392069647797328e-17
TESS_18_19,All,1508.4534441072344,-8.917163909057193e-17
TESS_18_19,All,1508.7834441072343,4.3104952555393666e-16
TESS_18_19,All,1509.1134441072343,7.185762192481296e-17
TESS_18_19,All,1509.4434441072342,1.1708273066710913e-17
TESS_18_19,All,1509.7734441072341,-2.220520102088571e-17
TESS_18_19,All,1510.103444107234,2.691458151503386e-16
TESS_18_19,All,1510.433444107234,-3.126586948582718e-16
TESS_18_19,All,1510.763444107234,-2.741282105303845e-16
TESS_18_19,All,1511.0934441072338,2.4630777936251693e-16
TESS_18_19,All,1511.4234441072338,7.769573065044183e-17
TESS_18_19,All,1511.7534441072337,-2.4620607321233433e-16
TESS_18_19,All,1512.0834441072336,3.6365291833462733e-16
TESS_18_19,All,1512.4134441072335,1.1589086557042067e-16
TESS_18_19,All,1512.7434441072335,3.119633021623478e-17
TESS_18_19,All,1513.0734441072334,-1.3482257231585348e-16
TESS_18_19,All,1513.4034441072333,-1.6306061861003085e-16
TESS_18_19,All,1513.7334441072333,6.854818410072117e-17
TESS_18_19,All,1514.0634441072332,-1.219527838890796e-16
TESS_18_19,All,1514.393444107233,3.199190012863019e-16
TESS_18_19,All,1514.723444107233,-1.8393072389978292e-16
TESS_18_19,All,1515.053444107233,-5.2615143797606034e-17
TESS_18_19,All,1515.383444107233,-2.9850030301552677e-17
TESS_18_19,All,1515.7134441072328,1.135704707715691e-16
TESS_18_19,All,1516.0434441072327,3.291233463647196e-17
TESS_18_19,Sector1,1438.16344410725,-4.598310538115985e-17
TESS_18_19,Sector1,1438.4934441072498,2.315375416153618e-17
TESS_18_19,Sector1,1438.8234441072498,1.3609639335381563e-18
TESS_18_19,Sector1,1439.1534441072497,2.9974565266464623e-18
TESS_18_19,Sector1,1439.4834441072496,2.1118293346539143e-17
TESS_18_19,Sector1,1439.8134441072496,-2.8884680988769663e-18
TESS_18_19,Sector1,1440.1434441072495,-5.1040323600406066e-18
TESS_18_19,Sector1,1440.4734441072494,-2.258586549013489e-18
TESS_18_19,Sector1,1440.8034441072493,1.1567512562102279e-17
TESS_18_19,Sector1,1441.1334441072493,5.010942569929341e-17
TESS_18_19,Sector1,1441.4634441072492,-6.527873668849423e-17
TESS_18_19,Sector1,1441.7934441072491,-1.116596378119331e-17
TESS_18_19,Sector1,1442.123444107249,-4.422791945565521e-17
TESS_18_19,Sector1,1442.783444107249,5.203386350134652e-17
TESS_18_19,Sector1,1443.1134441072488,1.3500431070850702e-17
TESS_18_19,Sector1,1443.4434441072488,-9.136647228708207e-18
TESS_18_19,Sector1,1443.7734441072487,-1.2645340573644729e-17
TESS_18_19,Sector1,1444.1034441072486,2.9586690844501183e-17
TESS_18_19,Sector1,1444.4334441072485,-1.4294966165312423e-17
TESS_18_19,Sector1,1444.7634441072485,1.503390236572946e-17
TESS_18_19,Sector1,1445.0934441072484,-5.254170284552168e-18
TESS_18_19,Sector1,1445.4234441072483,-1.04624768044275e-17
TESS_18_19,Sector1,1445.7534441072482,-2.7216161545668416e-17
TESS_18_19,Sector1,1446.0834441072482,2.846611116912146e-17
TESS_18_19,Sector1,1446.413444107248,2.0910631189627647e-17
TESS_18_19,Sector1,1446.743444107248,-5.062605597918093e-19
TESS_18_19,Sector1,1447.073444107248,-3.3770695387260603e-17
TESS_18_19,Sector1,1447.4034441072479,-1.3576585738940398e-18
TESS_18_19,Sector1,1447.7334441072478,5.913017276496478e-17
TESS_18_19,Sector1,1448.0634441072477,-1.5070766093744837e-17
TESS_18_19,Sector1,1448.3934441072477,-3.4215173435058924e-17
TESS_18_19,Sector1,1448.7234441072476,7.904964644273806e-17
TESS_18_19,Sector1,1449.0534441072475,2.3541471036774965e-17
TESS_18_19,Sector1,1449.3834441072474,-4.1446669499115427e-17
TESS_18_19,Sector1,1449.7134441072474,-6.7306234498176415e-18
TESS_18_19,Sector1,1450.0434441072473,-4.2238112053299554e-17
TESS_18_19,Sector1,1451.693444107247,-3.9761358442455606e-17
TESS_18_19,Sector1,1452.0234441072469,4.084021177877475e-17
TESS_18_19,Sector1,1452.3534441072468,-2.194446693240919e-17
TESS_18_19,Sector1,1452.6834441072467,9.674667364391402e-18
TESS_18_19,Sector1,1453.0134441072466,2.8410759159292075e-17
TESS_18_19,Sector1,1453.3434441072466,-2.0832334026436074e-17
TESS_18_19,Sector1,1453.6734441072465,-3.256702163000049e-17
TESS_18_19,Sector1,1454.0034441072464,4.2418943774478175e-17
TESS_18_19,Sector1,1454.3334441072464,-8.080974516734568e-17
TESS_18_19,Sector1,1454.6634441072463,9.393209820052772e-17
TESS_18_19,Sector1,1454.9934441072462,-3.090842442925544e-17
TESS_18_19,Sector1,1455.3234441072461,2.348572899024283e-17
TESS_18_19,Sector1,1455.653444107246,2.4078502381701063e-17
TESS_18_19,Sector1,1455.983444107246,3.227319903496962e-17
TESS_18_19,Sector1,1456.313444107246,1.4927599730849044e-17
TESS_18_19,Sector1,1456.6434441072458,-5.960130962129853e-17
TESS_18_19,Sector1,1456.9734441072458,3.685975735509784e-17
TESS_18_19,Sector1,1457.3034441072457,-1.973630898230864e-17
TESS_18_19,Sector1,1457.6334441072456,5.696861688571067e-17
TESS_18_19,Sector1,1457.9634441072456,-3.330657756376427e-17
TESS_18_19,Sector1,1458.2934441072455,-3.4356667085831984e-17
TESS_18_19,Sector1,1458.6234441072454,-2.2390178685661325e-17
TESS_18_19,Sector1,1459.943444107245,3.3492275218620936e-17
TESS_18_19,Sector1,1460.273444107245,-5.151395718493661e-17
TESS_18_19,Sector1,1460.603444107245,-2.526595510956516e-17
TESS_18_19,Sector1,1460.933444107245,2.749667660002089e-17
TESS_18_19,Sector1,1461.2634441072448,-7.24587572700961e-18
TESS_18_19,Sector1,1461.5934441072447,-7.3584955193748e-18
TESS_18_19,Sector1,1461.9234441072447,1.0045353285164911e-17
TESS_18_19,Sector1,1462.2534441072446,5.8862481574094005e-18
TESS_18_19,Sector1,1462.5834441072445,1.4329496718767255e-18
TESS_18_19,Sector1,1462.9134441072445,-1.5722595315757636e-17
TESS_18_19,Sector1,1463.2434441072444,-3.711341766879626e-17
TESS_18_19,Sector1,1463.5734441072443,6.233032623495052e-17
TESS_18_19,Sector1,1463.9034441072442,-1.8930768656255514e-17
TESS_18_19,Sector2,1468.4386389999818,6.901554638179053e-16
TESS_18_19,Sector2,1468.7686389999817,9.47850225239992e-16
TESS_18_19,Sector2,1469.0986389999816,-5.817585298434313e-16
TESS_18_19,Sector2,1469.4286389999816,-6.045341408935047e-17
TESS_18_19,Sector2,1469.7586389999815,7.944493849193036e-16
TESS_18_19,Sector2,1470.0886389999814,-8.12477376902266e-16
TESS_18_19,Sector2,1470.4186389999813,-7.137779624427053e-16
TESS_18_19,Sector2,1470.7486389999813,1.7835602220224217e-15
TESS_18_19,Sector2,1471.0786389999812,3.3398754678612527e-17
TESS_18_19,Sector2,1471.4086389999811,-8.042021688105167e-16
TESS_18_19,Sector2,1471.738638999981,3.1268555686285847e-15
TESS_18_19,Sector2,1472.068638999981,-1.6481543804304062e-15
TESS_18_19,Sector2,1472.398638999981,1.2151756247988377e-16
TESS_18_19,Sector2,1472.7286389999808,1.0731006579465037e-16
TESS_18_19,Sector2,1473.0586389999808,-6.763223723797843e-16
TESS_18_19,Sector2,1473.3886389999807,9.128026181551366e-16
TESS_18_19,Sector2,1473.7186389999806,-7.079980836507132e-16
TESS_18_19,Sector2,1474.0486389999805,-1.0961664449598764e-15
TESS_18_19,Sector2,1474.3786389999805,1.5802109430402923e-15
TESS_18_19,Sector2,1474.7086389999804,7.295468188403997e-16
TESS_18_19,Sector2,1475.0386389999803,4.164478187732437e-16
TESS_18_19,Sector2,1475.3686389999802,7.866803478804829e-16
TESS_18_19,Sector2,1475.6986389999802,6.779332767965981e-16
TESS_18_19,Sector2,1476.02863899998,1.3138045890357005e-15
TESS_18_19,Sector2,1476.35863899998,-7.785993902004916e-16
TESS_18_19,Sector2,1476.68863899998,2.75467389288045e-15
TESS_18_19,Sector2,1477.0186389999799,8.501610844064188e-16
TESS_18_19,Sector2,1478.0086389999797,-3.244688714091102e-15
TESS_18_19,Sector2,1478.3386389999796,3.045730781526549e-16
TESS_18_19,Sector2,1478.6686389999795,-4.450079413526257e-16
TESS_18_19,Sector2,1478.9986389999794,5.1648209226592406e-17
TESS_18_19,Sector2,1479.3286389999794,1.8252509799244437e-15
TESS_18_19,Sector2,1479.6586389999793,1.8845390653033562e-16
TESS_18_19,Sector2,1479.9886389999792,1.6201772305354192e-15
TESS_18_19,Sector2,1480.3186389999792,-7.140797125917218e-16
TESS_18_19,Sector2,1480.648638999979,7.996137841124786e-16
TESS_18_19,Sector2,1480.978638999979,5.566446561829564e-16
TESS_18_19,Sector2,1481.308638999979,-6.939505087680598e-16
TESS_18_19,Sector2,1481.6386389999789,1.784801600629314e-16
TESS_18_19,Sector2,1481.9686389999788,1.08200660614283e-15
TESS_18_19,Sector2,1482.2986389999787,-5.189898333776734e-16
TESS_18_19,Sector2,1482.6286389999786,-6.809368116886475e-16
TESS_18_19,Sector2,1482.9586389999786,2.2525682345238834e-16
TESS_18_19,Sector2,1483.2886389999785,-1.539076363360683e-15
TESS_18_19,Sector2,1483.6186389999784,-8.811096837420424e-16
TESS_18_19,Sector2,1483.9486389999784,-2.2329425514818128e-15
TESS_18_19,Sector2,1484.2786389999783,6.276109961662139e-16
TESS_18_19,Sector2,1484.6086389999782,-1.501652715752866e-15
TESS_18_19,Sector2,1484.9386389999781,-9.864768991392245e-16
TESS_18_19,Sector2,1485.268638999978,-2.205931266641254e-15
TESS_18_19,Sector2,1485.598638999978,-8.758978746009104e-16
TESS_18_19,Sector2,1488.2386389999774,-4.210447438961551e-15
TESS_18_19,Sector2,1488.5686389999773,9.654116312127846e-16
TESS_18_19,Sector2,1488.8986389999773,-3.396237983671892e-16
TESS_18_19,Sector2,1489.2286389999772,1.0953576675800828e-16
TESS_18_19,Sector2,1489.5586389999771,-1.4645687947608212e-15
TESS_18_19,Sector2,1489.888638999977,-1.3678390948947363e-15
TESS_18_19,Sector3,1491.8051304326661,5.921036120859712e-17
TESS_18_19,Sector3,1492.135130432666,-5.641146895702595e-17
TESS_18_19,Sector3,1492.465130432666,-6.629566049118791e-18
TESS_18_19,Sector3,1492.795130432666,5.371222408146393e-17
TESS_18_19,Sector3,1493.1251304326659,1.9237745923399054e-16
TESS_18_19,Sector3,1493.4551304326658,-1.0675857091465174e-16
TESS_18_19,Sector3,1493.7851304326657,6.733658710528002e-17
TESS_18_19,Sector3,1494.1151304326656,-1.6150168462605442e-16
TESS_18_19,Sector3,1494.4451304326656,1.2166096688027138e-16
TESS_18_19,Sector3,1494.7751304326655,2.8651948232060777e-17
TESS_18_19,Sector3,1495.1051304326654,-1.7661985769806145e-16
TESS_18_19,Sector3,1495.4351304326653,1.18038376015558e-16
TESS_18_19,Sector3,1495.7651304326653,-1.101721815976815e-16
TESS_18_19,Sector3,1496.0951304326652,-7.737498276246558e-18
TESS_18_19,Sector3,1496.4251304326651,2.641561220061617e-18
TESS_18_19,Sector3,1496.755130432665,-8.01364153961068e-17
TESS_18_19,Sector3,1497.085130432665,4.2252434180065403e-17
TESS_18_19,Sector3,1497.415130432665,1.7309457805116265e-17
TESS_18_19,Sector3,1497.7451304326648,3.9540686671126464e-17
TESS_18_19,Sector3,1498.0751304326648,2.912673861676885e-17
TESS_18_19,Sector3,1498.4051304326647,1.3420815319760102e-16
TESS_18_19,Sector3,1498.7351304326646,4.44542144703278e-17
TESS_18_19,Sector3,1499.0651304326645,-9.772631549612581e-17
TESS_18_19,Sector3,1499.3951304326645,-4.384357845355868e-17
TESS_18_19,Sector3,1499.7251304326644,6.432816541682477e-17
TESS_18_19,Sector3,1500.0551304326643,-7.083075351831841e-18
TESS_18_19,Sector3,1500.3851304326643,-7.824059705013004e-17
TESS_18_19,Sector3,1500.7151304326642,-1.801153375107231e-17
TESS_18_19,Sector3,1501.045130432664,-1.1131164213370053e-16
TESS_18_19,Sector3,1501.375130432664,-2.959714268870455e-17
TESS_18_19,Sector3,1501.705130432664,1.484844432022585e-16
TESS_18_19,Sector3,1502.035130432664,-7.254125400840432e-17
TESS_18_19,Sector3,1502.3651304326638,3.595834185474794e-17
TESS_18_19,Sector3,1502.6951304326637,-3.0106138310765116e-17
TESS_18_19,Sector3,1503.0251304326637,9.664902007899807e-17
TESS_18_19,Sector3,1504.6751304326633,-7.48620293293083e-17
TESS_18_19,Sector3,1505.0051304326632,1.3881485446157196e-16
TESS_18_19,Sector3,1505.3351304326632,-4.8012005535095253e-17
TESS_18_19,Sector3,1505.665130432663,-5.614349527918062e-17
TESS_18_19,Sector3,1505.995130432663,8.013375127686303e-17
TESS_18_19,Sector3,1506.325130432663,-7.108984881743622e-17
TESS_18_19,Sector3,1506.6551304326629,-2.078025572101107e-18
TESS_18_19,Sector3,1506.9851304326628,-1.2118083266025182e-16
TESS_18_19,Sector3,1507.3151304326627,-1.959899143552332e-17
TESS_18_19,Sector3,1507.6451304326627,4.670310118113582e-17
TESS_18_19,Sector3,1507.9751304326626,-4.049545234932917e-17
TESS_18_19,Sector3,1508.3051304326625,-4.166138699027637e-17
TESS_18_19,Sector3,1508.6351304326624,1.199691947367481e-16
TESS_18_19,Sector3,1508.9651304326624,1.0719461418355368e-16
TESS_18_19,Sector3,1509.2951304326623,1.5830027921061384e-17
TESS_18_19,Sector3,1509.6251304326622,2.61011423215431e-18
TESS_18_19,Sector3,1509.9551304326621,2.2687252117340416e-17
TESS_18_19,Sector3,1510.285130432662,-7.219668954696998e-17
TESS_18_19,Sector3,1510.615130432662,-1.3545053335945973e-16
TESS_18_19,Sector3,1510.945130432662,-5.132409060088648e-17
TESS_18_19,Sector3,1511.2751304326619,9.180573360843464e-17
TESS_18_19,Sector3,1511.6051304326618,-6.756456588187638e-18
TESS_18_19,Sector3,1511.9351304326617,6.7772316156884074e-18
TESS_18_19,Sector3,1512.2651304326616,8.07038791885664e-17
TESS_18_19,Sector3,1512.5951304326616,1.4770424723030635e-17
TESS_18_19,Sector3,1512.9251304326615,-1.4532099405796624e-17
TESS_18_19,Sector3,1513.2551304326614,-1.083770149942618e-16
TESS_18_19,Sector3,1513.5851304326613,-1.33609648713421e-16
TESS_18_19,Sector3,1513.9151304326613,1.4148597053314725e-16
TESS_18_19,Sector3,1514.2451304326612,-7.047995154059131e-17
TESS_18_19,Sector3,1514.5751304326611,7.540863492399632e-17
TESS_18_19,Sector3,1514.905130432661,2.1910508608793503e-18
TESS_18_19,Sector3,1515.235130432661,-1.801855428107643e-16
TESS_18_19,Sector3,1515.565130432661,3.9630425285578285e-17
TESS_18_19,Sector3,1515.8951304326608,5.7001911348532e-17
TESS_18_19,Sector3,1516.2251304326608,4.957192561170012e-16
TESS_18_2,All,1468.4386389999818,489.3419912832535
TESS_18_2,All,1468.7686389999817,-1081.5966385092916
TESS_18_2,All,1469.0986389999816,19.33686435623568
TESS_18_2,All,1469.4286389999816,118.4936974669431
TESS_18_2,All,1469.7586389999815,-246.09493659017804
TESS_18_2,All,1470.0886389999814,823.2752099670196
TESS_18_2,All,1470.4186389999813,471.609243680363
TESS_18_2,All,1470.7486389999813,-73.70253155751051
TESS_18_2,All,1471.0786389999812,436.8487393545034
TESS_18_2,All,1471.4086389999811,480.6834061950258
TESS_18_2,All,1471.738638999981,8.60560350455665
TESS_18_2,All,1472.068638999981,622.2744679065461
TESS_18_2,All,1472.398638999981,-230.27215179105443
TESS_18_2,All,1472.7286389999808,-218.15966379271524
TESS_18_2,All,1473.0586389999808,55.409663686344885
TESS_18_2,All,1473.3886389999807,72.4071730883627
TESS_18_2,All,1473.7186389999806,112.890756357876
TESS_18_2,All,1474.0486389999805,706.985231902914
TESS_18_2,All,1474.3786389999805,99.65126060569236
TESS_18_2,All,1474.7086389999804,-395.69868992518747
TESS_18_2,All,1475.0386389999803,-167.8368644723353
TESS_18_2,All,1475.3686389999802,-125.33823521767485
TESS_18_2,All,1475.6986389999802,-734.6286919753574
TESS_18_2,All,1476.02863899998,-197.47899164793182
TESS_18_2,All,1476.35863899998,-505.45798310916086
TESS_18_2,All,1476.68863899998,-1473.6962025280461
TESS_18_2,All,1477.0186389999799,-826.3360656180007
TESS_18_2,All,1478.0086389999797,3264.1538455554596
TESS_18_2,All,1478.3386389999796,414.81702141163356
TESS_18_2,All,1478.6686389999795,-110.25744683568148
TESS_18_2,All,1478.9986389999794,-55.51054858836397
TESS_18_2,All,1479.3286389999794,-691.0903360248591
TESS_18_2,All,1479.6586389999793,-490.02100842722746
TESS_18_2,All,1479.9886389999792,-350.6392405631005
TESS_18_2,All,1480.3186389999792,-273.63025205380075
TESS_18_2,All,1480.648638999979,51.751054837097286
TESS_18_2,All,1480.978638999979,471.359243670185
TESS_18_2,All,1481.308638999979,227.53896109894063
TESS_18_2,All,1481.6386389999789,-111.8122363009211
TESS_18_2,All,1481.9686389999788,60.76260499889031
TESS_18_2,All,1482.2986389999787,323.3818566001449
TESS_18_2,All,1482.6286389999786,550.8802520491637
TESS_18_2,All,1482.9586389999786,921.1932772616582
TESS_18_2,All,1483.2886389999785,1056.82278489795
TESS_18_2,All,1483.6186389999784,1569.686974686817
TESS_18_2,All,1483.9486389999784,1530.7046413222201
TESS_18_2,All,1484.2786389999783,960.8246754420018
TESS_18_2,All,1484.6086389999782,1070.361344419995
TESS_18_2,All,1484.9386389999781,1589.4535864613172
TESS_18_2,All,1485.268638999978,1654.119747974671
TESS_18_2,All,1485.598638999978,1599.3860758601763
TESS_18_2,All,1485.928638999978,-2299.556722663762
TESS_18_2,All,1486.2586389999778,-7938.495798117012
TESS_18_2,All,1486.5886389999778,-5428.926160319005
TESS_18_2,All,1486.9186389999777,-1898.7499999738643
TESS_18_2,All,1487.2486389999776,-284.0084387775479
TESS_18_2,All,1487.5786389999776,574.9999999452939
TESS_18_2,All,1487.9086389999775,1062.4243697828003
TESS_18_2,All,1488.2386389999774,933.7594936855986
TESS_18_2,All,1488.5686389999773,251.85294108444967
TESS_18_2,All,1488.8986389999773,447.30379754141416
TESS_18_2,All,1489.2286389999772,1001.2163865335771
TESS_18_2,All,1489.5586389999771,1174.2941175378046
TESS_18_2,All,1489.888638999977,1394.8857758987158
TESS_19,All,1491.7981860507189,-163.50630254881503
TESS_19,All,1492.1281860507188,-70.00840340743326
TESS_19,All,1492.4581860507187,-232.48945136402463
TESS_19,All,1492.7881860507187,-447.05672274336627
TESS_19,All,1493.1181860507186,-472.28781514947434
TESS_19,All,1493.4481860507185,-286.7383965445635
TESS_19,All,1493.7781860507184,332.3508403006855
TESS_19,All,1494.1081860507184,212.67510546194507
TESS_19,All,1494.4381860507183,84.51050421983754
TESS_19,All,1494.7681860507182,-68.05652170391835
TESS_19,All,1495.0981860507181,40.921940950275975
TESS_19,All,1495.428186050718,227.34243699624946
TESS_19,All,1495.758186050718,549.924050568654
TESS_19,All,1496.088186050718,26.45378156599565
TESS_19,All,1496.4181860507178,199.0672269417912
TESS_19,All,1496.7481860507178,382.05296597074147
TESS_19,All,1497.0781860507177,-253.42857141613945
TESS_19,All,1497.4081860507176,-290.66244718572324
TESS_19,All,1497.7381860507176,-284.74789922945826
TESS_19,All,1498.0681860507175,-311.33333339943306
TESS_19,All,1498.3981860507174,-734.1561180568588
TESS_19,All,1498.7281860507173,-91.59453786472876
TESS_19,All,1499.0581860507173,110.13080168990537
TESS_19,All,1499.3881860507172,150.03151263375648
TESS_19,All,1499.7181860507171,190.02100837188812
TESS_19,All,1500.048186050717,565.5843881781209
TESS_19,All,1500.378186050717,410.91596639517525
TESS_19,All,1500.708186050717,19.128691980124053
TESS_19,All,1501.0381860507168,282.220779147233
TESS_19,All,1501.3681860507168,-26.447479010250483
TESS_19,All,1501.6981860507167,-254.4556962287305
TESS_19,All,1502.0281860507166,-73.8718486893296
TESS_19,All,1502.3581860507165,66.57172996551978
TESS_19,All,1502.6881860507165,29.098739447040842
TESS_19,All,1503.0181860507164,-344.1007461746974
TESS_19,All,1504.668186050716,-261.3586957338165
TESS_19,All,1504.998186050716,29.449367089562497
TESS_19,All,1505.3281860507159,141.78151264016228
TESS_19,All,1505.6581860507158,-24.14135020218381
TESS_19,All,1505.9881860507157,-115.63655465947339
TESS_19,All,1506.3181860507157,97.78571430327636
TESS_19,All,1506.6481860507156,-115.5063291071808
TESS_19,All,1506.9781860507155,382.90546215177676
TESS_19,All,1507.3081860507154,635.6814345984567
TESS_19,All,1507.6381860507154,734.1848739352813
TESS_19,All,1507.9681860507153,31.902597362175584
TESS_19,All,1508.2981860507152,-437.15611812737984
TESS_19,All,1508.6281860507152,-917.6575630666462
TESS_19,All,1508.958186050715,-678.7932488762494
TESS_19,All,1509.288186050715,-614.5378150948433
TESS_19,All,1509.618186050715,-45.27100844685176
TESS_19,All,1509.9481860507149,-74.97679324398595
TESS_19,All,1510.2781860507148,765.7478991864531
TESS_19,All,1510.6081860507147,933.6701679943528
TESS_19,All,1510.9381860507146,188.21304357223133
TESS_19,All,1511.2681860507146,-251.34453773391314
TESS_19,All,1511.5981860507145,183.58227843492594
TESS_19,All,1511.9281860507144,-542.4243697459348
TESS_19,All,1512.2581860507144,-928.4600839348307
TESS_19,All,1512.5881860507143,4.742615963925729
TESS_19,All,1512.9181860507142,84.11764705634653
TESS_19,All,1513.2481860507141,644.3185654076735
TESS_19,All,1513.578186050714,833.3649788607257
TESS_19,All,1513.908186050714,573.957983245811
TESS_19,All,1514.238186050714,-187.50217387491594
TESS_19,All,1514.5681860507138,-176.89495803683823
TESS_19,All,1514.8981860507138,-256.95780580230684
TESS_19,All,1515.2281860507137,290.14075628785855
TESS_19,All,1515.5581860507136,299.9156117355215
TESS_19,All,1515.8881860507136,-1016.2130800889695
TESS_19,All,1516.2181860507135,234.4399999414012
TESS_20_0,All,2174.395104884383,539.1688034552484
TESS_20_0,All,2174.7251048843827,-301.56512599899
TESS_20_0,All,2175.0551048843827,-186.42827018645477
TESS_20_0,All,2175.3851048843826,-575.4600839669104
TESS_20_0,All,2175.7151048843825,-592.5337552539926
TESS_20_0,All,2176.0451048843825,-183.1995798998528
TESS_20_0,All,2176.3751048843824,-71.04831923039224
TESS_20_0,All,2176.7051048843823,184.51898735663008
TESS_20_0,All,2177.0351048843822,473.0525209144298
TESS_20_0,All,2177.365104884382,-1577.6398304290753
TESS_20_0,All,2177.695104884382,-590.9852941444011
TESS_20_0,All,2178.025104884382,214.05042004492134
TESS_20_0,All,2178.355104884382,-87.49367076514942
TESS_20_0,All,2178.685104884382,430.35714288496905
TESS_20_0,All,2179.015104884382,653.7552741601835
TESS_20_0,All,2179.3451048843817,331.9978356014542
TESS_20_0,All,2179.6751048843817,128.53151258036198
TESS_20_0,All,2180.0051048843816,-139.59704653995763
TESS_20_0,All,2180.3351048843815,-376.88025196881165
TESS_20_0,All,2180.6651048843814,451.424050552464
TESS_20_0,All,2180.9951048843814,50.46848735657028
TESS_20_0,All,2181.3251048843813,18.008403509812226
TESS_20_0,All,2181.655104884381,457.4451475939458
TESS_20_0,All,2181.985104884381,144.7605041471709
TESS_20_0,All,2182.315104884381,-164.7658226647717
TESS_20_0,All,2182.645104884381,268.04201670715725
TESS_20_0,All,2182.975104884381,-70.69117649448566
TESS_20_0,All,2183.305104884381,27.310126723045727
TESS_20_0,All,2183.635104884381,-231.95378158535385
TESS_20_0,All,2183.9651048843807,-717.0295358979171
TESS_20_0,All,2184.2951048843806,-419.08403350484457
TESS_20_0,All,2184.6251048843806,365.9852939968021
TESS_20_0,All,2184.9551048843805,421.3438818396466
TESS_20_0,All,2185.2851048843804,379.3571429885533
TESS_20_0,All,2185.6151048843803,796.5886362192814
TESS_20_0,All,2187.26510488438,1142.6801075800322
TESS_20_0,All,2187.59510488438,813.8025208869049
TESS_20_0,All,2187.92510488438,391.62025323327833
TESS_20_0,All,2188.2551048843798,450.151898777242
TESS_20_0,All,2188.5851048843797,-659.7373950593995
TESS_20_0,All,2188.9151048843796,-495.23417713216855
TESS_20_0,All,2189.2451048843795,-682.9345991526404
TESS_20_0,All,2189.5751048843795,-68.96638665661732
TESS_20_0,All,2189.9051048843794,-772.594936626983
TESS_20_0,All,2190.2351048843793,-246.98529406009288
TESS_20_0,All,2190.5651048843793,95.62236276398637
TESS_20_0,All,2190.895104884379,339.3907563861679
TESS_20_0,All,2191.225104884379,130.0903361287954
TESS_20_0,All,2191.555104884379,228.20464123159505
TESS_20_0,All,2191.885104884379,-341.30882343515646
TESS_20_0,All,2192.215104884379,477.8354430228928
TESS_20_0,All,2192.545104884379,567.7710083586383
TESS_20_0,All,2192.8751048843787,214.0861345507134
TESS_20_0,All,2193.2051048843787,439.2848100854076
TESS_20_0,All,2193.5351048843786,515.7510821768466
TESS_20_0,All,2193.8651048843785,-820.3291138638369
TESS_20_0,All,2194.1951048843785,-370.12815132336067
TESS_20_0,All,2194.5251048843784,121.36134454418178
TESS_20_0,All,2194.8551048843783,5.308016941827655
TESS_20_0,All,2195.1851048843782,-127.72784808770467
TESS_20_0,All,2195.515104884378,-99.09071732867697
TESS_20_0,All,2195.845104884378,58.6554622189807
TESS_20_0,All,2196.175104884378,350.63655459082554
TESS_20_0,All,2196.505104884378,397.37341768642347
TESS_20_0,All,2196.835104884378,-29.17016801901725
TESS_20_0,All,2197.165104884378,365.20464133374975
TESS_20_0,All,2197.4951048843777,54.67016806656557
TESS_20_0,All,2197.8251048843777,-158.7142856896683
TESS_20_0,All,2198.1551048843776,-308.45358652598713
TESS_20_0,All,2198.4851048843775,-122.59033614719881
TESS_20_0,All,2198.8151048843774,-92.78481011373631
TESS_20_0,All,2199.1451048843774,-221.47689074401532
TESS_20_0,All,2199.4751048843773,-624.06092434659
TESS_20_0,All,2199.805104884377,-631.8080168528412
TESS_20_0,All,2200.135104884377,-282.38636444555596
TESS_20_0,Sector1,2174.395104884383,539.1688034557618
TESS_20_0,Sector1,2174.7251048843827,-301.565125999037
TESS_20_0,Sector1,2175.0551048843827,-186.42827018967708
TESS_20_0,Sector1,2175.3851048843826,-575.4600839625668
TESS_20_0,Sector1,2175.7151048843825,-592.5337552540711
TESS_20_0,Sector1,2176.0451048843825,-183.1995799025059
TESS_20_0,Sector1,2176.3751048843824,-71.04831922779
TESS_20_0,Sector1,2176.7051048843823,184.51898735511324
TESS_20_0,Sector1,2177.0351048843822,473.05252091167495
TESS_20_0,Sector1,2177.365104884382,-1577.639830423452
TESS_20_0,Sector1,2177.695104884382,-590.9852941457276
TESS_20_0,Sector1,2178.025104884382,214.05042004208042
TESS_20_0,Sector1,2178.355104884382,-87.49367076072072
TESS_20_0,Sector1,2178.685104884382,430.35714288294207
TESS_20_0,Sector1,2179.015104884382,653.7552741577354
TESS_20_0,Sector1,2179.3451048843817,331.99783560242986
TESS_20_0,Sector1,2179.6751048843817,128.5315125797437
TESS_20_0,Sector1,2180.0051048843816,-139.59704654152162
TESS_20_0,Sector1,2180.3351048843815,-376.88025196540724
TESS_20_0,Sector1,2180.6651048843814,451.42405055008265
TESS_20_0,Sector1,2180.9951048843814,50.46848735427719
TESS_20_0,Sector1,2181.3251048843813,18.00840351238706
TESS_20_0,Sector1,2181.655104884381,457.4451475926294
TESS_20_0,Sector1,2181.985104884381,144.76050414640784
TESS_20_0,Sector1,2182.315104884381,-164.76582266063377
TESS_20_0,Sector1,2182.645104884381,268.0420167049464
TESS_20_0,Sector1,2182.975104884381,-70.69117649615265
TESS_20_0,Sector1,2183.305104884381,27.310126726786734
TESS_20_0,Sector1,2183.635104884381,-231.95378158859393
TESS_20_0,Sector1,2183.9651048843807,-717.0295358992021
TESS_20_0,Sector1,2184.2951048843806,-419.08403350053624
TESS_20_0,Sector1,2184.6251048843806,365.9852939951116
TESS_20_0,Sector1,2184.9551048843805,421.34388183830265
TESS_20_0,Sector1,2185.2851048843804,379.35714299094417
TESS_20_0,Sector1,2185.6151048843803,796.5886362156281
TESS_20_0,Sector2,2187.3368624385726,1059.1323529301767
TESS_20_0,Sector2,2187.6668624385725,693.6491596872073
TESS_20_0,Sector2,2187.9968624385724,616.489406715755
TESS_20_0,Sector2,2188.3268624385723,59.424369731385795
TESS_20_0,Sector2,2188.6568624385723,-816.4662446814278
TESS_20_0,Sector2,2188.986862438572,-295.66176468900113
TESS_20_0,Sector2,2189.316862438572,-680.2658227752769
TESS_20_0,Sector2,2189.646862438572,-311.1181434393165
TESS_20_0,Sector2,2189.976862438572,-547.7247899249509
TESS_20_0,Sector2,2190.306862438572,-24.72362874101706
TESS_20_0,Sector2,2190.636862438572,64.15966387048849
TESS_20_0,Sector2,2190.9668624385718,349.21638655203134
TESS_20_0,Sector2,2191.2968624385717,149.75105485970445
TESS_20_0,Sector2,2191.6268624385716,-145.7436974388508
TESS_20_0,Sector2,2191.9568624385715,68.77848100442172
TESS_20_0,Sector2,2192.2868624385715,317.5189075632639
TESS_20_0,Sector2,2192.6168624385714,570.8676470251511
TESS_20_0,Sector2,2192.9468624385713,380.90084387602496
TESS_20_0,Sector2,2193.2768624385712,378.2415966405768
TESS_20_0,Sector2,2193.606862438571,443.63260865006595
TESS_20_0,Sector2,2193.936862438571,-937.1302520483184
TESS_20_0,Sector2,2194.266862438571,-420.21218488036317
TESS_20_0,Sector2,2194.596862438571,311.29324892405737
TESS_20_0,Sector2,2194.926862438571,-68.41596635361006
TESS_20_0,Sector2,2195.256862438571,-147.6504237576806
TESS_20_0,Sector2,2195.5868624385707,-85.04621846710151
TESS_20_0,Sector2,2195.9168624385707,152.84033619865633
TESS_20_0,Sector2,2196.2468624385706,376.7362868601087
TESS_20_0,Sector2,2196.5768624385705,340.34663866581633
TESS_20_0,Sector2,2196.9068624385704,156.65822786977319
TESS_20_0,Sector2,2197.2368624385704,89.28991590166746
TESS_20_0,Sector2,2197.5668624385703,108.76260504312422
TESS_20_0,Sector2,2197.89686243857,-221.37552737799876
TESS_20_0,Sector2,2198.22686243857,-406.80042019347513
TESS_20_0,Sector2,2198.55686243857,13.934599177365659
TESS_20_0,Sector2,2198.88686243857,-131.5378150658236
TESS_20_0,Sector2,2199.21686243857,-346.56932781302146
TESS_20_0,Sector2,2199.54686243857,-354.305907170583
TESS_20_0,Sector2,2199.87686243857,-854.2668269352021
TESS_20_1,All,2201.8993790987447,667.8185654593207
TESS_20_1,All,2202.2293790987446,706.9705881293464
TESS_20_1,All,2202.5593790987446,-617.0970463806583
TESS_20_1,All,2202.8893790987445,-586.0567225976612
TESS_20_1,All,2203.2193790987444,196.8037973920803
TESS_20_1,All,2203.5493790987443,479.4264706065174
TESS_20_1,All,2203.8793790987443,-149.08613440185832
TESS_20_1,All,2204.209379098744,-471.4831224801962
TESS_20_1,All,2204.539379098744,-967.1890756077869
TESS_20_1,All,2204.869379098744,-426.80882341661214
TESS_20_1,All,2205.199379098744,-113.30801699143139
TESS_20_1,All,2205.529379098744,16.26260508807423
TESS_20_1,All,2205.859379098744,-436.73206742532267
TESS_20_1,All,2206.1893790987438,355.0252099239479
TESS_20_1,All,2206.5193790987437,-321.760504131178
TESS_20_1,All,2206.8493790987436,47.5991561777874
TESS_20_1,All,2207.1793790987435,293.8235292915028
TESS_20_1,All,2207.5093790987435,41.36497902678412
TESS_20_1,All,2207.8393790987434,-219.84415580253662
TESS_20_1,All,2208.1693790987433,429.5168066028615
TESS_20_1,All,2208.4993790987432,-119.7932488565345
TESS_20_1,All,2208.829379098743,527.3697478678821
TESS_20_1,All,2209.159379098743,761.9535864276363
TESS_20_1,All,2209.489379098743,345.846638758749
TESS_20_1,All,2209.819379098743,277.26680674839434
TESS_20_1,All,2210.149379098743,-16.33755284041669
TESS_20_1,All,2210.479379098743,267.25000008192114
TESS_20_1,All,2210.8093790987427,-49.6919831553089
TESS_20_1,All,2211.1393790987427,-1208.5861345691637
TESS_20_1,All,2211.4693790987426,-499.7352939792048
TESS_20_1,All,2211.7993790987425,-218.3417721819329
TESS_20_1,All,2212.1293790987424,-402.8844538439621
TESS_20_1,All,2212.4593790987424,-181.17932470669413
TESS_20_1,All,2212.7893790987423,320.241596530716
TESS_20_1,All,2213.1193790987422,427.0021007599411
TESS_20_1,All,2213.449379098742,318.4662448551529
TESS_20_1,All,2213.779379098742,1320.171270677614
TESS_20_1,All,2215.4293790987417,-25.365217332436664
TESS_20_1,All,2215.7593790987416,826.6666665655652
TESS_20_1,All,2216.0893790987416,-212.61974790613286
TESS_20_1,All,2216.4193790987415,-454.18487382553394
TESS_20_1,All,2216.7493790987414,-83.2721519908015
TESS_20_1,All,2217.0793790987414,-175.82352941493434
TESS_20_1,All,2217.4093790987413,-569.5168775242286
TESS_20_1,All,2217.739379098741,-347.439075785736
TESS_20_1,All,2218.069379098741,-455.5735293787536
TESS_20_1,All,2218.399379098741,-87.8987340787347
TESS_20_1,All,2218.729379098741,412.2983192001869
TESS_20_1,All,2219.059379098741,427.46413514049493
TESS_20_1,All,2219.389379098741,582.9411764865264
TESS_20_1,All,2219.719379098741,1140.1050418806615
TESS_20_1,All,2220.0493790987407,1182.8966245552335
TESS_20_1,All,2220.3793790987406,1583.1995797802444
TESS_20_1,All,2220.7093790987406,1172.7046412890895
TESS_20_1,All,2221.0393790987405,-789.5315125092488
TESS_20_1,All,2221.3693790987404,-2450.4653679599373
TESS_20_1,All,2221.6993790987403,-1413.1139240918626
TESS_20_1,All,2222.0293790987403,-1751.285714224157
TESS_20_1,All,2222.35937909874,-789.4279661013753
TESS_20_1,All,2222.68937909874,206.98319316962576
TESS_20_1,All,2223.01937909874,73.40336142994165
TESS_20_1,All,2223.34937909874,590.2953586329742
TESS_20_1,All,2223.67937909874,-143.39075634043132
TESS_20_1,All,2224.00937909874,78.52953600035862
TESS_20_1,All,2224.3393790987398,53.21638646057392
TESS_20_1,All,2224.6693790987397,379.19117641785505
TESS_20_1,All,2224.9993790987396,-69.5911016337834
TESS_20_1,All,2225.3293790987395,658.9705881279846
TESS_20_1,All,2225.6593790987395,401.3987342436063
TESS_20_1,All,2225.9893790987394,249.62394962018794
TESS_20_1,All,2226.3193790987393,206.91806715802375
TESS_20_1,All,2226.6493790987392,-611.1392404420835
TESS_20_1,All,2226.979379098739,-304.802521042741
TESS_20_1,All,2227.309379098739,104.5295358027807
TESS_20_1,All,2227.639379098739,-562.3958331785915
TESS_20_1,Sector1,2201.8993790987447,654.3185654448519
TESS_20_1,Sector1,2202.2293790987446,693.4705881350909
TESS_20_1,Sector1,2202.5593790987446,-630.5970463696082
TESS_20_1,Sector1,2202.8893790987445,-599.5567226051079
TESS_20_1,Sector1,2203.2193790987444,183.3037974017786
TESS_20_1,Sector1,2203.5493790987443,465.92647061237926
TESS_20_1,Sector1,2203.8793790987443,-162.58613442594748
TESS_20_1,Sector1,2204.209379098744,-484.98312247218365
TESS_20_1,Sector1,2204.539379098744,-980.6890756083426
TESS_20_1,Sector1,2204.869379098744,-440.3088234252484
TESS_20_1,Sector1,2205.199379098744,-126.80801696685548
TESS_20_1,Sector1,2205.529379098744,2.762605082083243
TESS_20_1,Sector1,2205.859379098744,-450.2320674423144
TESS_20_1,Sector1,2206.1893790987438,341.52520994103253
TESS_20_1,Sector1,2206.5193790987437,-335.26050415577976
TESS_20_1,Sector1,2206.8493790987436,34.099156177107574
TESS_20_1,Sector1,2207.1793790987435,280.3235293195129
TESS_20_1,Sector1,2207.5093790987435,27.86497901242132
TESS_20_1,Sector1,2207.8393790987434,-233.34415580498384
TESS_20_1,Sector1,2208.1693790987433,416.01680660563983
TESS_20_1,Sector1,2208.4993790987432,-133.29324887672888
TESS_20_1,Sector1,2208.829379098743,513.869747872574
TESS_20_1,Sector1,2209.159379098743,748.4535864289567
TESS_20_1,Sector1,2209.489379098743,332.3466387546011
TESS_20_1,Sector1,2209.819379098743,263.76680676738863
TESS_20_1,Sector1,2210.149379098743,-29.837552837724896
TESS_20_1,Sector1,2210.479379098743,253.75000006856177
TESS_20_1,Sector1,2210.8093790987427,-63.19198314941052
TESS_20_1,Sector1,2211.1393790987427,-1222.086134576771
TESS_20_1,Sector1,2211.4693790987426,-513.2352939898407
TESS_20_1,Sector1,2211.7993790987425,-231.8417721642928
TESS_20_1,Sector1,2212.1293790987424,-416.3844538428899
TESS_20_1,Sector1,2212.4593790987424,-194.67932471679327
TESS_20_1,Sector1,2212.7893790987423,306.7415965446936
TESS_20_1,Sector1,2213.1193790987422,413.5021007401016
TESS_20_1,Sector1,2213.449379098742,304.96624485898434
TESS_20_1,Sector1,2213.779379098742,1306.6712706903747
TESS_20_1,Sector2,2215.6006903659263,555.1260503882801
TESS_20_1,Sector2,2215.9306903659262,215.00420167609
TESS_20_1,Sector2,2216.260690365926,-289.40084384252486
TESS_20_1,Sector2,2216.590690365926,-358.9495798269631
TESS_20_1,Sector2,2216.920690365926,-103.2352941466785
TESS_20_1,Sector2,2217.250690365926,-409.22151899902065
TESS_20_1,Sector2,2217.580690365926,-461.2016806222945
TESS_20_1,Sector2,2217.910690365926,-506.70042200118525
TESS_20_1,Sector2,2218.2406903659257,11.355042046378172
TESS_20_1,Sector2,2218.5706903659257,-18.401260436794274
TESS_20_1,Sector2,2218.9006903659256,496.00632900948625
TESS_20_1,Sector2,2219.2306903659255,694.5000000399804
TESS_20_1,Sector2,2219.5606903659254,876.1962025275509
TESS_20_1,Sector2,2219.8906903659254,1087.8277310076162
TESS_20_1,Sector2,2220.2206903659253,1420.5798320159113
TESS_20_1,Sector2,2220.550690365925,1131.2890295066757
TESS_20_1,Sector2,2220.880690365925,987.8319327221526
TESS_20_1,Sector2,2221.210690365925,-2387.5189872283945
TESS_20_1,Sector2,2221.540690365925,-1884.967532528649
TESS_20_1,Sector2,2221.870690365925,-1194.5336135035507
TESS_20_1,Sector2,2222.200690365925,-1447.0847456553374
TESS_20_1,Sector2,2222.530690365925,-320.8592437067022
TESS_20_1,Sector2,2222.8606903659247,370.3797467809037
TESS_20_1,Sector2,2223.1906903659246,115.27521017755328
TESS_20_1,Sector2,2223.5206903659246,81.77941174397809
TESS_20_1,Sector2,2223.8506903659245,201.27215180054054
TESS_20_1,Sector2,2224.1806903659244,-14.138655346763485
TESS_20_1,Sector2,2224.5106903659243,135.95780582632477
TESS_20_1,Sector2,2224.8406903659243,432.3928571044225
TESS_20_1,Sector2,2225.170690365924,97.66877649870273
TESS_20_1,Sector2,2225.500690365924,751.0949365635312
TESS_20_1,Sector2,2225.830690365924,446.289915969294
TESS_20_1,Sector2,2226.160690365924,-17.45147668297564
TESS_20_1,Sector2,2226.490690365924,67.92226874126716
TESS_20_1,Sector2,2226.820690365924,-748.7205881585422
TESS_20_1,Sector2,2227.1506903659238,-124.76582270468495
TESS_20_1,Sector2,2227.4806903659237,41.8951612133683
TESS_21,All,2229.286645816422,410.42226886855315
TESS_21,All,2229.616645816422,-120.47899156563892
TESS_21,All,2229.946645816422,-174.29746836603064
TESS_21,All,2230.276645816422,284.2594936403489
TESS_21,All,2230.606645816422,-238.16806717793372
TESS_21,All,2230.936645816422,-40.056962049208614
TESS_21,All,2231.2666458164217,-291.6071428278258
TESS_21,All,2231.5966458164216,158.51054853557724
TESS_21,All,2231.9266458164216,64.80252095658975
TESS_21,All,2232.2566458164215,68.17016810660853
TESS_21,All,2232.5866458164214,-27.08438819341896
TESS_21,All,2232.9166458164214,184.77731088993428
TESS_21,All,2233.2466458164213,-134.39662443989502
TESS_21,All,2233.576645816421,263.21218485697835
TESS_21,All,2233.906645816421,196.92647056975756
TESS_21,All,2234.236645816421,496.1940928333349
TESS_21,All,2234.566645816421,-101.34243698893975
TESS_21,All,2234.896645816421,213.515217353027
TESS_21,All,2235.226645816421,-194.63865543289518
TESS_21,All,2235.5566458164208,-416.027310926475
TESS_21,All,2235.8866458164207,-508.9008438747557
TESS_21,All,2236.2166458164206,-41.317226872689425
TESS_21,All,2236.5466458164206,126.71940924308974
TESS_21,All,2236.8766458164205,-189.35504200763438
TESS_21,All,2237.2066458164204,-250.28781508233305
TESS_21,All,2237.5366458164203,-121.63924054966509
TESS_21,All,2237.8666458164203,-414.00210079072167
TESS_21,All,2238.19664581642,-536.1244725341583
TESS_21,All,2238.52664581642,-39.51050425882005
TESS_21,All,2238.85664581642,-307.23109238808036
TESS_21,All,2239.18664581642,-324.02531646515484
TESS_21,All,2239.51664581642,-418.70798321347684
TESS_21,All,2239.84664581642,-27.22995775470015
TESS_21,All,2240.1766458164198,333.36134449747476
TESS_21,All,2240.5066458164197,511.7752100729947
TESS_21,All,2240.8366458164196,334.52071007699897
TESS_21,All,2242.4866458164192,2285.8120299863062
TESS_21,All,2242.816645816419,811.1596638707467
TESS_21,All,2243.146645816419,1058.83544297224
TESS_21,All,2243.476645816419,549.7731092136016
TESS_21,All,2243.806645816419,380.24789919103927
TESS_21,All,2244.136645816419,169.5675105174398
TESS_21,All,2244.466645816419,-407.98529409610927
TESS_21,All,2244.7966458164187,-305.35654004118584
TESS_21,All,2245.1266458164187,-412.87815128267204
TESS_21,All,2245.4566458164186,-646.1953781257861
TESS_21,All,2245.7866458164185,-502.30590715950143
TESS_21,All,2246.1166458164184,-690.9117647210379
TESS_21,All,2246.4466458164184,-916.9075629805222
TESS_21,All,2246.7766458164183,-593.8818565101799
TESS_21,All,2247.106645816418,-280.1239495866838
TESS_21,All,2247.436645816418,15.913793142419308
TESS_21,All,2247.766645816418,455.0619658012158
TESS_21,All,2248.096645816418,67.52164498323098
TESS_21,All,2248.426645816418,38.91561181393731
TESS_21,All,2248.756645816418,158.701680700956
TESS_21,All,2249.086645816418,445.7278480344071
TESS_21,All,2249.4166458164177,491.9831932790327
TESS_21,All,2249.7466458164176,-66.45588231712439
TESS_21,All,2250.0766458164176,417.14345984931896
TESS_21,All,2250.4066458164175,-126.57594934220619
TESS_21,All,2250.7366458164174,-404.2510548211666
TESS_21,All,2251.0666458164173,-491.15756305317717
TESS_21,All,2251.3966458164173,-88.83193271858774
TESS_21,All,2251.726645816417,-145.2405063218952
TESS_21,All,2252.056645816417,404.0924369158231
TESS_21,All,2252.386645816417,-128.985169435283
TESS_21,All,2252.716645816417,578.68907558846
TESS_21,All,2253.046645816417,416.7974683155545
TESS_21,All,2253.376645816417,-227.2121211305075
TESS_21,All,2253.7066458164168,77.0130434665262
TESS_21,All,2254.0366458164167,111.50000001170805
TESS_21,Sector1,2229.286645816422,448.92226886527783
TESS_21,Sector1,2229.616645816422,-81.97899155469392
TESS_21,Sector1,2229.946645816422,-135.79746838922728
TESS_21,Sector1,2230.276645816422,322.75949364396416
TESS_21,Sector1,2230.606645816422,-199.6680671435139
TESS_21,Sector1,2230.936645816422,-1.5569620775333939
TESS_21,Sector1,2231.2666458164217,-253.1071428173973
TESS_21,Sector1,2231.5966458164216,197.01054854462325
TESS_21,Sector1,2231.9266458164216,103.30252091211713
TESS_21,Sector1,2232.2566458164215,106.6701681317738
TESS_21,Sector1,2232.5866458164214,11.415611794214492
TESS_21,Sector1,2232.9166458164214,223.27731091119037
TESS_21,Sector1,2233.2466458164213,-95.8966244142974
TESS_21,Sector1,2233.576645816421,301.712184833664
TESS_21,Sector1,2233.906645816421,235.42647057879293
TESS_21,Sector1,2234.236645816421,534.6940928359205
TESS_21,Sector1,2234.566645816421,-62.84243702597744
TESS_21,Sector1,2234.896645816421,252.01521729106568
TESS_21,Sector1,2235.226645816421,-156.13865541610397
TESS_21,Sector1,2235.5566458164208,-377.5273109391261
TESS_21,Sector1,2235.8866458164207,-470.4008438729756
TESS_21,Sector1,2236.2166458164206,-2.8172268747594678
TESS_21,Sector1,2236.5466458164206,165.2194092080885
TESS_21,Sector1,2236.8766458164205,-150.8550420047817
TESS_21,Sector1,2237.2066458164204,-211.78781506840232
TESS_21,Sector1,2237.5366458164203,-83.1392405825443
TESS_21,Sector1,2237.8666458164203,-375.5021007449147
TESS_21,Sector1,2238.19664581642,-497.6244725569501
TESS_21,Sector1,2238.52664581642,-1.0105043051983504
TESS_21,Sector1,2238.85664581642,-268.7310923536997
TESS_21,Sector1,2239.18664581642,-285.52531651227895
TESS_21,Sector1,2239.51664581642,-380.20798324162
TESS_21,Sector1,2239.84664581642,11.27004231934982
TESS_21,Sector1,2240.1766458164198,371.8613444698481
TESS_21,Sector1,2240.5066458164197,550.2752100815253
TESS_21,Sector1,2240.8366458164196,373.0207101128687
TESS_21,Sector2,2242.632249157201,1785.7016805556461
TESS_21,Sector2,2242.962249157201,639.5756302354349
TESS_21,Sector2,2243.292249157201,840.9599155562612
TESS_21,Sector2,2243.6222491572007,691.0756301992033
TESS_21,Sector2,2243.9522491572006,-135.00420164208498
TESS_21,Sector2,2244.2822491572006,-37.72151899244636
TESS_21,Sector2,2244.6122491572005,-347.15126049135097
TESS_21,Sector2,2244.9422491572004,-507.8375526844457
TESS_21,Sector2,2245.2722491572003,-490.0798319293648
TESS_21,Sector2,2245.6022491572003,-537.403361318363
TESS_21,Sector2,2245.9322491572,-797.9556961550695
TESS_21,Sector2,2246.2622491572,-601.9978991411352
TESS_21,Sector2,2246.5922491572,-917.39029530402
TESS_21,Sector2,2246.9222491572,-613.1134453334399
TESS_21,Sector2,2247.2522491572,-299.583333315288
TESS_21,Sector2,2247.5822491572,368.2756410085389
TESS_21,Sector2,2247.9122491571998,274.81441046889285
TESS_21,Sector2,2248.2422491571997,18.424050621417223
TESS_21,Sector2,2248.5722491571996,8.47058823697676
TESS_21,Sector2,2248.9022491571995,242.455882346058
TESS_21,Sector2,2249.2322491571995,485.8628691522177
TESS_21,Sector2,2249.5622491571994,255.92647058442
TESS_21,Sector2,2249.8922491571993,32.120253172392644
TESS_21,Sector2,2250.2222491571993,96.39495796255157
TESS_21,Sector2,2250.552249157199,-176.8354430135206
TESS_21,Sector2,2250.882249157199,-750.1413501655164
TESS_21,Sector2,2251.212249157199,-344.17016805111655
TESS_21,Sector2,2251.542249157199,-68.43670885146985
TESS_21,Sector2,2251.872249157199,142.64915964748133
TESS_21,Sector2,2252.202249157199,-20.92616033302581
TESS_21,Sector2,2252.5322491571987,322.1983122145482
TESS_21,Sector2,2252.8622491571987,499.0379746557461
TESS_21,Sector2,2253.1922491571986,-64.61814344769053
TESS_21,Sector2,2253.5222491571985,-182.2478069928965
TESS_21,Sector2,2253.8522491571985,192.7249999960461
TESS_ALL,All,1438.1578884769194,3.5518583193617603e-07
TESS_ALL,All,1438.4878884769194,1.2117955631657937e-07
TESS_ALL,All,1438.8178884769193,-3.923628527326438e-07
TESS_ALL,All,1439.1478884769192,3.52563515212466e-07
TESS_ALL,All,1439.4778884769191,-4.0149231281975626e-07
TESS_ALL,All,1439.807888476919,2.761506482028637e-08
TESS_ALL,All,1440.137888476919,2.51688445525276e-07
TESS_ALL,All,1440.467888476919,2.1613676535867204e-07
TESS_ALL,All,1440.7978884769188,5.211468614915143e-08
TESS_ALL,All,1441.1278884769188,3.0901616854019555e-07
TESS_ALL,All,1441.4578884769187,5.54708808713768e-07
TESS_ALL,All,1441.7878884769186,-1.1334785791427357e-07
TESS_ALL,All,1442.1178884769186,3.5911900135770003e-08
TESS_ALL,All,1442.4478884769185,-4.831283089127495e-07
TESS_ALL,All,1442.7778884769184,1.152042793042244e-08
TESS_ALL,All,1443.1078884769183,-4.025998658084737e-07
TESS_ALL,All,1443.4378884769183,-6.420996713741399e-08
TESS_ALL,All,1443.7678884769182,-1.594358597278668e-07
TESS_ALL,All,1444.0978884769181,1.1994846490731837e-07
TESS_ALL,All,1444.427888476918,6.424819387477651e-08
TESS_ALL,All,1444.757888476918,1.0210414550963344e-07
TESS_ALL,All,1445.087888476918,7.970504647188651e-08
TESS_ALL,All,1445.4178884769178,5.753168500109127e-08
TESS_ALL,All,1445.7478884769178,-7.528815291556832e-09
TESS_ALL,All,1446.0778884769177,-6.619967389829771e-08
TESS_ALL,All,1446.4078884769176,-9.610475027739599e-08
TESS_ALL,All,1446.7378884769175,-8.503330073685978e-09
TESS_ALL,All,1447.0678884769175,-2.0432428067842222e-08
TESS_ALL,All,1447.3978884769174,-6.10781128199799e-08
TESS_ALL,All,1447.7278884769173,-1.3940958796929243e-07
TESS_ALL,All,1448.0578884769172,2.8702030910717928e-08
TESS_ALL,All,1448.3878884769172,-2.013469716244947e-07
TESS_ALL,All,1448.717888476917,1.1085519979232421e-08
TESS_ALL,All,1449.047888476917,-7.470338565621001e-08
TESS_ALL,All,1449.377888476917,1.8715190581007513e-07
TESS_ALL,All,1449.7078884769169,2.830562178852374e-07
TESS_ALL,All,1451.3578884769165,4.339905025627318e-07
TESS_ALL,All,1451.6878884769164,7.498298904043643e-07
TESS_ALL,All,1452.0178884769164,-1.02252820403099e-07
TESS_ALL,All,1452.3478884769163,-3.8493060829523813e-07
TESS_ALL,All,1452.6778884769162,8.973576867043843e-09
TESS_ALL,All,1453.0078884769162,1.9093466616827717e-08
TESS_ALL,All,1453.337888476916,-3.7760603781055624e-08
TESS_ALL,All,1453.667888476916,1.7330635572576871e-07
TESS_ALL,All,1453.997888476916,4.412678981690523e-08
TESS_ALL,All,1454.3278884769159,8.077018547288089e-08
TESS_ALL,All,1454.6578884769158,1.1937288114800038e-07
TESS_ALL,All,1454.9878884769157,2.941851724969733e-08
TESS_ALL,All,1455.3178884769156,-1.36587521563134e-07
TESS_ALL,All,1455.6478884769156,-5.895068295073537e-07
TESS_ALL,All,1455.9778884769155,-2.6480004778487343e-07
TESS_ALL,All,1456.3078884769154,1.1611673910909409e-08
TESS_ALL,All,1456.6378884769154,2.489897748345328e-07
TESS_ALL,All,1456.9678884769153,-1.1558587170044305e-07
TESS_ALL,All,1457.2978884769152,1.708920081742246e-07
TESS_ALL,All,1457.6278884769151,-1.9440239831006299e-07
TESS_ALL,All,1457.957888476915,2.681276671689003e-07
TESS_ALL,All,1458.287888476915,3.9970239394472783e-07
TESS_ALL,All,1458.617888476915,6.030589761646504e-07
TESS_ALL,All,1458.9478884769148,-6.278978225767981e-07
TESS_ALL,All,1459.2778884769148,-8.500707496178038e-07
TESS_ALL,All,1459.6078884769147,-6.981797130396913e-08
TESS_ALL,All,1459.9378884769146,7.325907470059551e-08
TESS_ALL,All,1460.2678884769145,9.806634203612426e-08
TESS_ALL,All,1460.5978884769145,2.20464489650236e-07
TESS_ALL,All,1460.9278884769144,-7.528242644462153e-08
TESS_ALL,All,1461.2578884769143,4.1876568747203845e-07
TESS_ALL,All,1461.5878884769143,5.950562033314977e-09
TESS_ALL,All,1461.9178884769142,-1.0648274543546709e-07
TESS_ALL,All,1462.247888476914,2.5441041294844293e-07
TESS_ALL,All,1462.577888476914,8.280175515704393e-08
TESS_ALL,All,1462.907888476914,-9.037815816138988e-08
TESS_ALL,All,1463.237888476914,-1.2353482417314274e-07
TESS_ALL,All,1463.5678884769138,-4.754136132690195e-08
TESS_ALL,All,1467.8578884769129,2.958163882634442e-07
TESS_ALL,All,1468.1878884769128,6.68468178351097e-07
TESS_ALL,All,1468.5178884769127,-1.957209797656799e-07
TESS_ALL,All,1468.8478884769127,-3.434570709937352e-07
TESS_ALL,All,1469.1778884769126,-8.847803312790701e-09
TESS_ALL,All,1469.5078884769125,2.2845587620267666e-07
TESS_ALL,All,1469.8378884769124,1.3453190327856522e-08
TESS_ALL,All,1470.1678884769124,4.798522712863802e-07
TESS_ALL,All,1470.4978884769123,4.7349018977336024e-08
TESS_ALL,All,1470.8278884769122,1.5045381000455733e-07
TESS_ALL,All,1471.1578884769121,1.744931227824146e-07
TESS_ALL,All,1471.487888476912,2.789452341622658e-07
TESS_ALL,All,1471.817888476912,1.1508574990286682e-07
TESS_ALL,All,1472.147888476912,4.057738471362647e-07
TESS_ALL,All,1472.4778884769119,-2.341910757452749e-07
TESS_ALL,All,1472.8078884769118,9.690684697784572e-08
TESS_ALL,All,1473.1378884769117,-2.697886399329904e-07
TESS_ALL,All,1473.4678884769116,2.9696126900692077e-07
TESS_ALL,All,1473.7978884769116,1.3393206322278788e-07
TESS_ALL,All,1474.1278884769115,-2.1855540806110462e-08
TESS_ALL,All,1474.4578884769114,3.815202188967166e-07
TESS_ALL,All,1474.7878884769113,-1.519527225123865e-07
TESS_ALL,All,1475.1178884769113,7.071451136564753e-08
TESS_ALL,All,1475.4478884769112,-2.2809153826097437e-07
TESS_ALL,All,1475.7778884769111,-4.244562295218534e-07
TESS_ALL,All,1476.107888476911,-6.612192316462153e-08
TESS_ALL,All,1476.437888476911,-3.2998559456360557e-07
TESS_ALL,All,1476.767888476911,-1.1518363564187054e-06
TESS_ALL,All,1477.7578884769107,-2.020693087711168e-07
TESS_ALL,All,1478.0878884769106,8.678469280351079e-07
TESS_ALL,All,1478.4178884769105,2.745974576464586e-07
TESS_ALL,All,1478.7478884769105,-7.179157694767144e-08
TESS_ALL,All,1479.0778884769104,-2.4047423788868357e-07
TESS_ALL,All,1479.4078884769103,-1.6840624395324653e-07
TESS_ALL,All,1479.7378884769103,-3.7333307342767286e-07
TESS_ALL,All,1480.0678884769102,-2.7182857293916305e-07
TESS_ALL,All,1480.39788847691,1.8249098735471307e-07
TESS_ALL,All,1480.72788847691,9.13299702372572e-08
TESS_ALL,All,1481.05788847691,1.6395702282960124e-07
TESS_ALL,All,1481.38788847691,8.312458387705356e-08
TESS_ALL,All,1481.7178884769098,3.520100196000055e-08
TESS_ALL,All,1482.0478884769097,3.596918644725383e-08
TESS_ALL,All,1482.3778884769097,1.748630208751064e-07
TESS_ALL,All,1482.7078884769096,5.515661798036827e-07
TESS_ALL,All,1483.0378884769095,3.581745445371097e-07
TESS_ALL,All,1483.3678884769095,8.530694213164714e-07
TESS_ALL,All,1483.6978884769094,7.61082262686775e-07
TESS_ALL,All,1484.0278884769093,1.0115278540864018e-06
TESS_ALL,All,1484.3578884769092,7.261603575662863e-07
TESS_ALL,All,1484.6878884769092,6.430715266706587e-07
TESS_ALL,All,1485.017888476909,1.0665887184915498e-06
TESS_ALL,All,1485.347888476909,1.222377379235307e-06
TESS_ALL,All,1485.677888476909,7.865338674834317e-07
TESS_ALL,All,1486.0078884769089,-2.461848846097341e-06
TESS_ALL,All,1486.3378884769088,-5.122300024268062e-06
TESS_ALL,All,1486.6678884769087,-2.541650827584345e-06
TESS_ALL,All,1486.9978884769087,-8.741714305064929e-07
TESS_ALL,All,1487.3278884769086,-1.0157767687926445e-08
TESS_ALL,All,1487.6578884769085,4.124548850121927e-07
TESS_ALL,All,1487.9878884769084,7.820289941365154e-07
TESS_ALL,All,1488.3178884769084,1.7168206617902241e-07
TESS_ALL,All,1488.6478884769083,4.5283924840559013e-07
TESS_ALL,All,1488.9778884769082,4.70965173412548e-07
TESS_ALL,All,1489.3078884769081,4.0094036249172987e-07
TESS_ALL,All,1489.637888476908,9.027885038864711e-07
TESS_ALL,All,1491.2878884769077,7.783146477891024e-07
TESS_ALL,All,1491.6178884769076,-1.7825420704724264e-07
TESS_ALL,All,1491.9478884769076,-3.972331633236358e-08
TESS_ALL,All,1492.2778884769075,-5.6121209456947495e-08
TESS_ALL,All,1492.6078884769074,-2.5939870376713314e-07
TESS_ALL,All,1492.9378884769073,-8.733580459343787e-08
TESS_ALL,All,1493.2678884769073,-5.880925251840987e-07
TESS_ALL,All,1493.5978884769072,8.122633749641231e-08
TESS_ALL,All,1493.9278884769071,8.201542450829751e-08
TESS_ALL,All,1494.257888476907,1.0626965912456426e-07
TESS_ALL,All,1494.587888476907,1.678894157133778e-07
TESS_ALL,All,1494.917888476907,-7.552645841438016e-08
TESS_ALL,All,1495.2478884769068,-1.417721609250234e-08
TESS_ALL,All,1495.5778884769068,3.292546179272422e-07
TESS_ALL,All,1495.9078884769067,2.1493724812488928e-07
TESS_ALL,All,1496.2378884769066,-5.969496262382887e-08
TESS_ALL,All,1496.5678884769065,1.594676212064523e-07
TESS_ALL,All,1496.8978884769065,6.290331803398616e-08
TESS_ALL,All,1497.2278884769064,-1.9396042513611868e-07
TESS_ALL,All,1497.5578884769063,-2.046263938626034e-07
TESS_ALL,All,1497.8878884769063,-1.55205141515126e-07
TESS_ALL,All,1498.2178884769062,-5.148276175319196e-07
TESS_ALL,All,1498.547888476906,-9.522205581412208e-08
TESS_ALL,All,1498.877888476906,-1.5839918861947067e-07
TESS_ALL,All,1499.207888476906,8.264637651366516e-08
TESS_ALL,All,1499.537888476906,1.9985548431688627e-07
TESS_ALL,All,1499.8678884769058,2.01880778926541e-07
TESS_ALL,All,1500.1978884769057,3.063095778286957e-07
TESS_ALL,All,1500.5278884769057,1.9575321285131985e-07
TESS_ALL,All,1500.8578884769056,2.6692841548495896e-07
TESS_ALL,All,1501.1878884769055,-3.121834962101973e-07
TESS_ALL,All,1501.5178884769055,-2.7759263516059335e-08
TESS_ALL,All,1501.8478884769054,1.2548534147823725e-07
TESS_ALL,All,1502.1778884769053,-2.333738328752966e-07
TESS_ALL,All,1502.5078884769052,-7.419706786804961e-08
TESS_ALL,All,1502.8378884769052,9.075104155082164e-09
TESS_ALL,All,1504.4878884769048,-5.187701445854906e-07
TESS_ALL,All,1504.8178884769047,-2.520577557361226e-07
TESS_ALL,All,1505.1478884769047,7.341673014438409e-08
TESS_ALL,All,1505.4778884769046,3.297232322095413e-08
TESS_ALL,All,1505.8078884769045,-7.45674562115803e-08
TESS_ALL,All,1506.1378884769044,9.070511817600817e-08
TESS_ALL,All,1506.4678884769044,1.8926918688206127e-07
TESS_ALL,All,1506.7978884769043,-1.2265303047765785e-07
TESS_ALL,All,1507.1278884769042,1.3985506886709282e-07
TESS_ALL,All,1507.4578884769041,3.586489727762429e-07
TESS_ALL,All,1507.787888476904,5.608291443836016e-07
TESS_ALL,All,1508.117888476904,-2.3314487132775532e-07
TESS_ALL,All,1508.447888476904,-5.092218072113314e-07
TESS_ALL,All,1508.7778884769039,-2.706826423652979e-07
TESS_ALL,All,1509.1078884769038,-4.1145515762768923e-07
TESS_ALL,All,1509.4378884769037,-2.7099255569465767e-07
TESS_ALL,All,1509.7678884769036,-2.622154688715836e-07
TESS_ALL,All,1510.0978884769036,4.787617781963802e-07
TESS_ALL,All,1510.4278884769035,4.074866809416997e-07
TESS_ALL,All,1510.7578884769034,4.556754177358075e-07
TESS_ALL,All,1511.0878884769033,-2.4230210758352355e-07
TESS_ALL,All,1511.4178884769033,3.274948702957818e-07
TESS_ALL,All,1511.7478884769032,3.4184440898698865e-08
TESS_ALL,All,1512.0778884769031,-4.390169438147694e-07
TESS_ALL,All,1512.407888476903,-5.16441602568959e-07
TESS_ALL,All,1512.737888476903,6.304138244108431e-09
TESS_ALL,All,1513.067888476903,5.4847261709003e-08
TESS_ALL,All,1513.3978884769028,6.891623825358996e-07
TESS_ALL,All,1513.7278884769028,3.9258323420961346e-07
TESS_ALL,All,1514.0578884769027,5.48655377299505e-08
TESS_ALL,All,1514.3878884769026,5.2744523346954e-08
TESS_ALL,All,1514.7178884769025,-2.6755858132509186e-07
TESS_ALL,All,1515.0478884769025,8.278818501250469e-08
TESS_ALL,All,1515.3778884769024,2.6229909776773454e-07
TESS_ALL,All,1515.7078884769023,-3.623162792537134e-07
TESS_ALL,All,2174.0578884767574,-2.0148541145980476e-07
TESS_ALL,All,2174.3878884767573,4.097441284805171e-08
TESS_ALL,All,2174.7178884767573,-7.694540648146696e-08
TESS_ALL,All,2175.047888476757,-2.6945206867893005e-07
TESS_ALL,All,2175.377888476757,-3.058807804076892e-07
TESS_ALL,All,2175.707888476757,-3.158248063602535e-07
TESS_ALL,All,2176.037888476757,-1.5829027926174795e-07
TESS_ALL,All,2176.367888476757,1.274647671017621e-07
TESS_ALL,All,2176.697888476757,-3.7758026729038466e-08
TESS_ALL,All,2177.0278884767567,2.994713324343898e-07
TESS_ALL,All,2177.3578884767567,-9.821935879734603e-07
TESS_ALL,All,2177.6878884767566,-3.2137241932474297e-07
TESS_ALL,All,2178.0178884767565,-1.5757883089804726e-07
TESS_ALL,All,2178.3478884767565,1.0277008579807446e-07
TESS_ALL,All,2178.6778884767564,3.118859466491807e-07
TESS_ALL,All,2179.0078884767563,3.116828415970522e-07
TESS_ALL,All,2179.3378884767562,2.376789039833893e-07
TESS_ALL,All,2179.667888476756,9.239796510467133e-08
TESS_ALL,All,2179.997888476756,-1.6415261688502583e-07
TESS_ALL,All,2180.327888476756,-1.4417656758572357e-07
TESS_ALL,All,2180.657888476756,2.5431486538088575e-07
TESS_ALL,All,2180.987888476756,-1.5973599606852156e-07
TESS_ALL,All,2181.317888476756,1.5337689638931458e-07
TESS_ALL,All,2181.6478884767557,2.7173061553899085e-07
TESS_ALL,All,2181.9778884767557,3.4033724210462445e-08
TESS_ALL,All,2182.3078884767556,-2.422827724531721e-07
TESS_ALL,All,2182.6378884767555,2.5367983777665533e-07
TESS_ALL,All,2182.9678884767554,7.574974002813818e-08
TESS_ALL,All,2183.2978884767554,-1.870120035067308e-08
TESS_ALL,All,2183.6278884767553,-3.310680246550098e-07
TESS_ALL,All,2183.957888476755,-2.481708730102295e-07
TESS_ALL,All,2184.287888476755,-2.990721368259811e-07
TESS_ALL,All,2184.617888476755,-6.365449222387812e-08
TESS_ALL,All,2184.947888476755,3.6296114995912505e-07
TESS_ALL,All,2185.277888476755,3.2991957655788425e-07
TESS_ALL,All,2186.9278884767546,3.8523890034496905e-07
TESS_ALL,All,2187.2578884767545,5.651550091834586e-07
TESS_ALL,All,2187.5878884767544,4.844265610786513e-07
TESS_ALL,All,2187.9178884767543,3.562165292999895e-07
TESS_ALL,All,2188.2478884767543,3.458908230372863e-07
TESS_ALL,All,2188.577888476754,-6.011112970697667e-07
TESS_ALL,All,2188.907888476754,-1.2036722771198338e-07
TESS_ALL,All,2189.237888476754,-6.121299438814157e-07
TESS_ALL,All,2189.567888476754,3.057492342663056e-08
TESS_ALL,All,2189.897888476754,-4.198202853791729e-07
TESS_ALL,All,2190.227888476754,-1.4231963410805784e-07
TESS_ALL,All,2190.5578884767538,-3.698995471480386e-08
TESS_ALL,All,2190.8878884767537,2.940816529940129e-07
TESS_ALL,All,2191.2178884767536,7.0237007682044125e-09
TESS_ALL,All,2191.5478884767535,1.0983465317920874e-07
TESS_ALL,All,2191.8778884767535,-2.34152368014081e-07
TESS_ALL,All,2192.2078884767534,1.7541197978297337e-07
TESS_ALL,All,2192.5378884767533,5.23317044550916e-07
TESS_ALL,All,2192.8678884767533,7.478099431907671e-08
TESS_ALL,All,2193.197888476753,1.2992183765613555e-07
TESS_ALL,All,2193.527888476753,3.6985979605788703e-07
TESS_ALL,All,2193.857888476753,-2.8144962167557524e-07
TESS_ALL,All,2194.187888476753,-3.8913576531895417e-07
TESS_ALL,All,2194.517888476753,-3.905166651842833e-08
TESS_ALL,All,2194.847888476753,1.9382788053757266e-07
TESS_ALL,All,2195.1778884767527,-3.466741871593248e-07
TESS_ALL,All,2195.5078884767527,2.6229854219898494e-07
TESS_ALL,All,2195.8378884767526,1.8664846961186693e-08
TESS_ALL,All,2196.1678884767525,2.271321804818386e-07
TESS_ALL,All,2196.4978884767525,7.597121968025025e-08
TESS_ALL,All,2196.8278884767524,4.857726268855547e-09
TESS_ALL,All,2197.1578884767523,1.306025428835811e-07
TESS_ALL,All,2197.4878884767522,-1.7960067569476962e-09
TESS_ALL,All,2197.817888476752,1.6622538762697732e-08
TESS_ALL,All,2198.147888476752,-3.2274015003914283e-07
TESS_ALL,All,2198.477888476752,1.4280298822249427e-07
TESS_ALL,All,2198.807888476752,-1.6344547478134855e-07
TESS_ALL,All,2199.137888476752,-7.355396335284126e-08
TESS_ALL,All,2199.467888476752,-4.081435638240098e-07
TESS_ALL,All,2199.7978884767517,-4.6649907316989895e-07
TESS_ALL,All,2201.4478884767514,-3.4500194799767947e-08
TESS_ALL,All,2201.7778884767513,8.420275664041318e-07
TESS_ALL,All,2202.107888476751,1.250672145453679e-07
TESS_ALL,All,2202.437888476751,2.63570813896963e-07
TESS_ALL,All,2202.767888476751,-7.062320152158666e-07
TESS_ALL,All,2203.097888476751,1.3888969018393718e-07
TESS_ALL,All,2203.427888476751,2.804686818631888e-07
TESS_ALL,All,2203.757888476751,1.3933599760998213e-07
TESS_ALL,All,2204.087888476751,-2.4037820730683323e-07
TESS_ALL,All,2204.4178884767507,-4.342033345563424e-07
TESS_ALL,All,2204.7478884767506,-4.208714313468262e-07
TESS_ALL,All,2205.0778884767506,-9.310875018092532e-08
TESS_ALL,All,2205.4078884767505,-7.203403101434019e-08
TESS_ALL,All,2205.7378884767504,1.9108212305298166e-07
TESS_ALL,All,2206.0678884767503,-1.1804531782446417e-08
TESS_ALL,All,2206.3978884767503,-3.1980140036789435e-07
TESS_ALL,All,2206.72788847675,2.7627705322330143e-07
TESS_ALL,All,2207.05788847675,7.546059698201704e-08
TESS_ALL,All,2207.38788847675,-9.564850731848367e-08
TESS_ALL,All,2207.71788847675,1.0214559483270035e-09
TESS_ALL,All,2208.04788847675,2.595862161089214e-07
TESS_ALL,All,2208.37788847675,-6.373765409253012e-08
TESS_ALL,All,2208.7078884767498,2.8499083018343886e-07
TESS_ALL,All,2209.0378884767497,4.004775798275323e-07
TESS_ALL,All,2209.3678884767496,4.604244717522325e-07
TESS_ALL,All,2209.6978884767495,1.7462818177208357e-07
TESS_ALL,All,2210.0278884767495,-2.9336896556766525e-08
TESS_ALL,All,2210.3578884767494,1.265512341239465e-07
TESS_ALL,All,2210.6878884767493,2.883474475282803e-07
TESS_ALL,All,2211.0178884767492,-7.047042906843636e-07
TESS_ALL,All,2211.347888476749,-3.3511295384119197e-07
TESS_ALL,All,2211.677888476749,-3.7864686030877264e-08
TESS_ALL,All,2212.007888476749,-3.5999248590446506e-07
TESS_ALL,All,2212.337888476749,1.5341547343756867e-07
TESS_ALL,All,2212.667888476749,-4.280337392964447e-08
TESS_ALL,All,2212.997888476749,3.675338505960326e-07
TESS_ALL,All,2213.3278884767487,1.1734898612826946e-07
TESS_ALL,All,2213.6578884767487,5.885624502716898e-07
TESS_ALL,All,2214.9778884767484,1.0641342598635247e-06
TESS_ALL,All,2215.3078884767483,-1.7034408281466383e-06
TESS_ALL,All,2215.6378884767482,5.398564615927371e-07
TESS_ALL,All,2215.967888476748,1.4267716733811837e-07
TESS_ALL,All,2216.297888476748,-1.8683889448101737e-07
TESS_ALL,All,2216.627888476748,-2.163791228896065e-07
TESS_ALL,All,2216.957888476748,4.120559208235604e-08
TESS_ALL,All,2217.287888476748,-2.506950339705781e-07
TESS_ALL,All,2217.617888476748,-2.7154291855341046e-07
TESS_ALL,All,2217.9478884767477,-3.2362339982431164e-07
TESS_ALL,All,2218.2778884767476,5.104002027838621e-08
TESS_ALL,All,2218.6078884767476,8.50544795592805e-08
TESS_ALL,All,2218.9378884767475,3.146333130778421e-07
TESS_ALL,All,2219.2678884767474,3.4496000185991387e-07
TESS_ALL,All,2219.5978884767474,7.359848754884268e-07
TESS_ALL,All,2219.9278884767473,4.671013422364503e-07
TESS_ALL,All,2220.257888476747,1.1076255117696231e-06
TESS_ALL,All,2220.587888476747,6.164738603561512e-07
TESS_ALL,All,2220.917888476747,4.781459100182628e-07
TESS_ALL,All,2221.247888476747,-1.6277493588713112e-06
TESS_ALL,All,2221.577888476747,-1.050514369380457e-06
TESS_ALL,All,2221.907888476747,-8.515589283700912e-07
TESS_ALL,All,2222.237888476747,-6.425194948578856e-07
TESS_ALL,All,2222.5678884767467,-5.361762785907912e-08
TESS_ALL,All,2222.8978884767466,2.1143867710924984e-07
TESS_ALL,All,2223.2278884767466,1.600624068362174e-07
TESS_ALL,All,2223.5578884767465,-8.131923665246087e-08
TESS_ALL,All,2223.8878884767464,2.3410736215929575e-07
TESS_ALL,All,2224.2178884767463,4.2082324002241246e-08
TESS_ALL,All,2224.5478884767463,1.7347927640541923e-07
TESS_ALL,All,2224.877888476746,-1.0108943182727334e-07
TESS_ALL,All,2225.207888476746,4.1904384203884666e-07
TESS_ALL,All,2225.537888476746,2.43048677244919e-07
TESS_ALL,All,2225.867888476746,6.728769540470759e-07
TESS_ALL,All,2226.197888476746,-2.4689725232358374e-07
TESS_ALL,All,2226.527888476746,-1.315456567959775e-07
TESS_ALL,All,2226.8578884767458,-2.2411591174542003e-07
TESS_ALL,All,2227.1878884767457,1.3081423213004546e-07
TESS_ALL,All,2228.8378884767453,-2.448278199649658e-07
TESS_ALL,All,2229.1678884767452,3.150347099036208e-07
TESS_ALL,All,2229.497888476745,-1.2557109815203118e-07
TESS_ALL,All,2229.827888476745,-5.134325529438149e-08
TESS_ALL,All,2230.157888476745,3.27112542721436e-08
TESS_ALL,All,2230.487888476745,-7.176735940775601e-08
TESS_ALL,All,2230.817888476745,-3.1118352518504966e-08
TESS_ALL,All,2231.147888476745,-2.2475486997398808e-07
TESS_ALL,All,2231.4778884767447,3.58886146291289e-10
TESS_ALL,All,2231.8078884767447,2.3051281335205857e-08
TESS_ALL,All,2232.1378884767446,-3.046796443757829e-08
TESS_ALL,All,2232.4678884767445,9.186995439601859e-08
TESS_ALL,All,2232.7978884767444,6.066384164203332e-08
TESS_ALL,All,2233.1278884767444,-1.9864588202087567e-07
TESS_ALL,All,2233.4578884767443,1.3876572170472144e-07
TESS_ALL,All,2233.7878884767442,6.222742931069777e-08
TESS_ALL,All,2234.117888476744,1.592062583036632e-07
TESS_ALL,All,2234.447888476744,-5.768234392524606e-08
TESS_ALL,All,2234.777888476744,7.321924964936543e-08
TESS_ALL,All,2235.107888476744,-3.4178027346871407e-09
TESS_ALL,All,2235.437888476744,-2.886913443664575e-07
TESS_ALL,All,2235.767888476744,-3.8733024957830335e-07
TESS_ALL,All,2236.0978884767437,-4.620664893041655e-08
TESS_ALL,All,2236.4278884767436,-8.951465286564452e-09
TESS_ALL,All,2236.7578884767436,-4.621998809656888e-08
TESS_ALL,All,2237.0878884767435,-2.8276004662871675e-07
TESS_ALL,All,2237.4178884767434,-2.1557839857782072e-08
TESS_ALL,All,2237.7478884767434,-4.0620639392225876e-07
TESS_ALL,All,2238.0778884767433,-1.1887867005168281e-07
TESS_ALL,All,2238.407888476743,-4.3197240515508026e-07
TESS_ALL,All,2238.737888476743,1.3560428921714732e-07
TESS_ALL,All,2239.067888476743,-3.1653713602214037e-07
TESS_ALL,All,2239.397888476743,-4.5248782152210167e-07
TESS_ALL,All,2239.727888476743,6.217159332127096e-08
TESS_ALL,All,2240.057888476743,-1.3565086429577944e-07
TESS_ALL,All,2240.387888476743,4.147886944526084e-07
TESS_ALL,All,2240.7178884767427,1.7382840350885943e-07
TESS_ALL,All,2242.0378884767424,7.485869259830668e-07
TESS_ALL,All,2242.3678884767423,2.8656448447470875e-06
TESS_ALL,All,2242.6978884767423,5.490723185641167e-07
TESS_ALL,All,2243.027888476742,6.766804294752435e-07
TESS_ALL,All,2243.357888476742,1.8646508462539892e-07
TESS_ALL,All,2243.687888476742,6.161278688935575e-07
TESS_ALL,All,2244.017888476742,-2.5879374406341956e-07
TESS_ALL,All,2244.347888476742,-2.551212446578804e-07
TESS_ALL,All,2244.677888476742,-1.7985354409139298e-07
TESS_ALL,All,2245.0078884767418,-1.802220419263468e-07
TESS_ALL,All,2245.3378884767417,-4.482870498843874e-07
TESS_ALL,All,2245.6678884767416,-1.3339644688532417e-07
TESS_ALL,All,2245.9978884767415,-5.563181245460543e-07
TESS_ALL,All,2246.3278884767415,-5.662089938308083e-07
TESS_ALL,All,2246.6578884767414,-7.419514105205757e-07
TESS_ALL,All,2246.9878884767413,-1.5973759100683505e-07
TESS_ALL,All,2247.3178884767412,-4.7834063494155865e-08
TESS_ALL,All,2247.647888476741,-4.1305275451523046e-08
TESS_ALL,All,2247.977888476741,6.40928608037704e-07
TESS_ALL,All,2248.307888476741,-2.441995789251329e-07
TESS_ALL,All,2248.637888476741,1.1055057294396458e-07
TESS_ALL,All,2248.967888476741,1.9071039426424134e-07
TESS_ALL,All,2249.297888476741,1.1761512642719138e-07
TESS_ALL,All,2249.6278884767407,2.352002264448249e-07
TESS_ALL,All,2249.9578884767407,-2.2755438313014154e-07
TESS_ALL,All,2250.2878884767406,1.5171710448269217e-07
TESS_ALL,All,2250.6178884767405,1.9650602470619053e-08
TESS_ALL,All,2250.9478884767404,-6.208426529949005e-07
TESS_ALL,All,2251.2778884767404,-2.245970352173655e-07
TESS_ALL,All,2251.6078884767403,1.0928604794887058e-07
TESS_ALL,All,2251.93788847674,7.999064525288279e-08
TESS_ALL,All,2252.26788847674,-1.4615279589382408e-07
TESS_ALL,All,2252.59788847674,2.022433266660394e-07
TESS_ALL,All,2252.92788847674,2.0563806435541505e-07
TESS_ALL,All,2253.25788847674,2.799322558510632e-07
TESS_ALL,All,2253.58788847674,1.3785502356966093e-07
